Subject_ID,Demo_Nb,Rater_ID,Rating_Case,Skill,Task_Pace,Pb_Coord,Pb_Grasp,Pb_Movement,Applied_Force
7,1,4,1,2,1,1,0,1,2
7,1,5,1,1,1,1,1,0,1
7,1,6,2,1,1,1,0,1,2
7,1,8,2,1,1,1,0,0,2
7,1,1,1,2,1,1,0,1,2
7,1,7,2,1,1,1,0,1,1
7,2,4,1,2,2,0,0,1,2
7,2,5,1,2,2,1,0,1,1
7,2,6,2,3,2,1,0,1,2
7,2,8,2,2,2,1,0,0,3
7,2,1,1,1,2,1,1,1,2
7,2,7,2,2,2,0,1,1,3
7,3,4,1,2,1,0,0,1,3
7,3,5,1,3,2,0,0,1,3
7,3,6,2,3,2,0,0,1,2
7,3,8,2,2,2,1,0,0,3
7,3,1,1,2,2,1,0,1,2
7,3,7,2,1,1,1,1,0,3
7,4,4,1,2,2,0,0,1,2
7,4,5,1,4,2,0,0,0,2
7,4,6,2,2,2,0,0,1,1
7,4,8,2,2,2,1,0,0,2
7,4,1,1,2,2,1,0,1,2
7,4,7,2,2,1,1,1,1,2
7,5,4,1,1,1,0,0,1,2
7,5,5,1,1,1,1,0,1,3
7,5,6,2,3,2,0,1,1,1
7,5,8,2,3,2,0,0,1,2
7,5,1,1,2,2,1,0,1,2
7,5,7,2,1,1,0,1,1,1
7,6,4,1,4,3,0,0,1,2
7,6,5,1,4,2,0,0,0,2
7,6,6,2,3,1,0,0,1,1
7,6,8,2,3,2,0,0,1,2
7,6,1,1,1,2,1,1,1,2
7,6,7,2,2,2,0,1,0,2
7,7,4,1,1,1,0,0,1,3
7,7,5,1,1,3,1,0,0,3
7,7,6,2,1,1,0,1,1,3
7,7,8,2,1,1,1,0,1,2
7,7,1,1,1,2,0,0,0,3
7,7,7,2,1,1,1,1,1,3
7,8,4,1,1,1,1,0,1,2
7,8,5,1,1,1,1,1,1,1
7,8,6,2,1,1,1,1,1,2
7,8,8,2,1,1,1,0,1,2
7,8,1,1,2,1,1,1,1,2
7,8,7,2,1,1,1,0,1,1
7,9,4,1,3,2,0,0,1,2
7,9,5,1,1,2,0,1,1,1
7,9,6,2,3,2,0,0,1,1
7,9,8,2,3,2,0,0,1,1
7,9,1,1,3,2,1,0,1,2
7,9,7,2,2,2,0,1,0,2
7,10,4,1,3,1,0,0,1,2
7,10,5,1,3,2,0,1,0,2
7,10,6,2,2,1,0,1,1,1
7,10,8,2,4,2,0,0,0,2
7,10,1,1,4,2,1,0,1,2
7,10,7,2,1,1,1,1,0,2
7,11,4,1,1,2,1,0,1,1
7,11,5,1,3,2,1,0,1,2
7,11,6,2,2,2,0,0,1,1
7,11,8,2,3,2,0,0,1,1
7,11,1,1,3,2,1,0,1,2
7,11,7,2,1,1,0,1,0,2
7,12,4,1,1,1,1,0,1,1
7,12,5,1,1,1,1,0,1,1
7,12,6,2,2,1,1,1,1,1
7,12,8,2,2,2,1,0,1,2
7,12,1,1,2,2,1,0,1,2
7,12,7,2,1,1,0,1,1,2
7,13,4,1,2,3,0,0,1,1
7,13,5,1,2,2,0,0,1,1
7,13,6,2,2,2,0,0,1,1
7,13,8,2,4,2,1,0,0,2
7,13,1,1,2,2,1,1,1,2
7,13,7,2,4,2,0,0,0,2
7,14,4,1,2,1,0,0,1,2
7,14,5,1,3,1,1,1,0,2
7,14,6,2,3,2,1,1,0,2
7,14,8,2,5,2,0,0,0,2
7,14,1,1,2,2,1,1,0,2
7,14,7,2,1,1,1,1,0,1
7,15,4,1,3,1,0,0,1,2
7,15,5,1,1,1,0,1,0,1
7,15,6,2,3,2,1,0,0,2
7,15,8,2,2,1,0,0,1,3
7,15,1,1,1,1,1,1,1,2
7,15,7,2,1,1,1,1,0,1
8,1,4,1,3,2,0,0,1,2
8,1,5,1,4,2,0,0,0,2
8,1,6,2,2,1,1,0,1,2
8,1,8,2,4,3,0,0,1,2
8,1,1,1,3,2,0,0,1,2
8,1,7,2,3,2,1,0,0,2
8,2,4,1,4,2,0,1,0,2
8,2,5,1,5,2,0,0,0,2
8,2,6,2,4,2,0,0,1,2
8,2,8,2,5,2,0,0,0,2
8,2,1,1,4,2,0,0,1,2
8,2,7,2,3,1,0,0,1,2
8,3,4,1,4,2,0,0,1,2
8,3,5,1,4,2,0,0,0,2
8,3,6,2,2,2,0,0,1,1
8,3,8,2,5,2,0,0,0,2
8,3,1,1,3,2,0,0,0,2
8,3,7,2,2,1,1,0,0,2
8,4,4,1,4,2,0,0,1,2
8,4,5,1,5,2,0,0,0,2
8,4,6,2,5,2,0,0,0,2
8,4,8,2,5,2,0,0,0,2
8,4,1,1,3,2,0,0,1,2
8,4,7,2,3,2,1,0,0,1
8,5,4,1,4,2,0,0,1,2
8,5,5,1,5,2,0,0,0,2
8,5,6,2,4,2,1,0,0,2
8,5,8,2,5,2,0,0,0,2
8,5,1,1,3,2,0,0,1,2
8,5,7,2,3,2,0,0,0,2
8,6,4,1,3,3,0,0,0,1
8,6,5,1,3,2,1,0,0,2
8,6,6,2,2,2,0,0,1,1
8,6,8,2,4,2,0,0,0,1
8,6,1,1,2,2,0,0,1,2
8,6,7,2,2,2,0,1,0,1
8,7,4,1,4,2,0,0,1,2
8,7,5,1,4,2,0,0,0,2
8,7,6,2,3,2,0,0,1,1
8,7,8,2,4,2,0,0,0,1
8,7,1,1,4,2,0,0,1,1
8,7,7,2,4,2,0,0,0,2
8,8,4,1,4,2,0,0,0,2
8,8,5,1,5,2,0,0,0,2
8,8,6,2,3,2,0,0,1,2
8,8,8,2,3,2,0,0,0,1
8,8,1,1,4,2,0,0,0,2
8,8,7,2,4,2,0,0,0,2
8,9,4,1,4,2,0,0,0,2
8,9,5,1,4,1,0,0,0,2
8,9,6,2,3,2,0,0,1,2
8,9,8,2,4,2,0,0,0,2
8,9,1,1,4,2,0,0,1,2
8,9,7,2,4,2,0,0,0,2
8,10,4,1,2,3,0,0,0,1
8,10,5,1,5,2,0,0,0,2
8,10,6,2,2,3,1,0,1,2
8,10,8,2,3,2,0,0,0,1
8,10,1,1,3,2,0,0,0,1
8,10,7,2,3,2,0,1,0,1
8,11,4,1,4,2,0,0,0,2
8,11,5,1,3,3,0,0,0,1
8,11,6,2,2,3,1,0,1,2
8,11,8,2,3,2,0,0,0,1
8,11,1,1,1,2,0,0,1,1
8,11,7,2,3,3,0,0,0,1
8,12,4,1,4,2,0,0,0,2
8,12,5,1,3,2,1,0,0,2
8,12,6,2,3,2,0,0,0,2
8,12,8,2,4,2,0,0,0,2
8,12,1,1,4,2,0,0,0,2
8,12,7,2,2,3,0,1,0,1
8,13,4,1,4,2,0,1,0,2
8,13,5,1,4,2,0,0,0,2
8,13,6,2,4,2,0,0,0,2
8,13,8,2,4,2,0,0,0,2
8,13,1,1,3,2,0,1,1,2
8,13,7,2,3,2,0,0,0,2
8,14,4,1,2,3,0,0,0,1
8,14,5,1,5,2,0,0,0,2
8,14,6,2,2,3,0,0,1,2
8,14,8,2,4,2,0,0,0,2
8,14,1,1,3,2,0,0,1,1
8,14,7,2,4,2,0,0,0,2
8,15,4,1,4,3,0,0,0,2
8,15,5,1,4,2,0,0,0,2
8,15,6,2,3,2,0,0,1,2
8,15,8,2,5,2,0,0,0,2
8,15,1,1,4,2,0,0,1,2
8,15,7,2,4,2,0,0,0,2
8,16,4,1,4,2,0,0,1,2
8,16,5,1,4,2,0,0,0,2
8,16,6,2,4,2,0,0,0,2
8,16,8,2,4,2,0,0,0,2
8,16,1,1,4,2,0,0,0,2
8,16,7,2,4,2,0,0,0,2
8,17,4,1,3,1,1,0,0,2
8,17,5,1,2,2,0,0,1,1
8,17,6,2,2,1,0,1,1,1
8,17,8,2,4,2,0,0,0,2
8,17,1,1,3,2,1,0,1,2
8,17,7,2,4,2,0,0,0,2
8,18,4,1,4,2,0,0,0,2
8,18,5,1,4,2,0,0,0,2
8,18,6,2,3,2,0,0,1,2
8,18,8,2,4,2,0,0,0,2
8,18,1,1,4,2,0,0,1,2
8,18,7,2,5,2,0,0,0,2
8,19,4,1,4,2,0,0,0,2
8,19,5,1,4,3,0,0,0,2
8,19,6,2,2,3,0,0,1,2
8,19,8,2,4,2,0,0,0,2
8,19,1,1,3,2,0,0,1,1
8,19,7,2,3,2,0,1,0,2
8,20,4,1,3,3,0,0,1,2
8,20,5,1,4,3,0,0,0,2
8,20,6,2,3,3,0,0,1,2
8,20,8,2,5,2,0,0,0,2
8,20,1,1,4,2,0,0,1,2
8,20,7,2,5,2,0,0,0,2
9,1,4,1,4,2,0,0,0,2
9,1,5,1,5,2,0,0,0,2
9,1,6,2,3,2,0,0,1,2
9,1,8,2,5,2,0,0,0,2
9,1,1,1,4,2,0,0,0,2
9,1,7,2,4,2,0,0,0,2
9,2,4,1,3,1,0,0,1,2
9,2,5,1,2,1,0,1,0,3
9,2,6,2,1,1,1,1,1,1
9,2,8,2,2,1,0,0,1,1
9,2,1,1,3,1,1,1,1,2
9,2,7,2,1,1,1,1,1,1
9,3,4,1,2,1,0,0,1,1
9,3,5,1,2,1,0,1,0,1
9,3,6,2,2,1,1,1,1,1
9,3,8,2,2,2,1,0,0,1
9,3,1,1,3,2,1,1,0,2
9,3,7,2,1,1,1,1,0,1
9,4,4,1,3,2,0,0,0,2
9,4,5,1,3,1,0,0,0,2
9,4,6,2,3,1,1,0,1,2
9,4,8,2,5,2,0,0,0,2
9,4,1,1,4,2,0,0,0,2
9,4,7,2,2,2,0,1,0,2
9,5,4,1,4,2,0,0,0,2
9,5,5,1,5,2,0,0,0,2
9,5,6,2,3,2,0,0,0,2
9,5,8,2,5,2,0,0,0,2
9,5,1,1,4,2,0,0,0,2
9,5,7,2,3,2,0,0,0,2
9,6,4,1,2,1,0,0,0,2
9,6,5,1,4,2,0,0,0,2
9,6,6,2,2,2,1,1,1,2
9,6,8,2,4,2,0,0,0,2
9,6,1,1,3,2,1,0,1,2
9,6,7,2,3,2,0,0,0,2
9,7,4,1,3,2,0,0,1,2
9,7,5,1,2,1,0,0,1,1
9,7,6,2,2,1,1,1,0,2
9,7,8,2,2,2,0,1,0,2
9,7,1,1,2,2,1,0,1,2
9,7,7,2,2,1,0,1,0,2
9,8,4,1,3,2,0,0,1,2
9,8,5,1,4,1,0,0,0,1
9,8,6,2,3,2,0,1,0,3
9,8,8,2,3,2,0,0,0,2
9,8,1,1,2,2,0,0,0,1
9,8,7,2,2,2,0,1,0,2
9,9,4,1,3,3,0,0,1,1
9,9,5,1,3,2,0,0,0,1
9,9,6,2,2,3,0,0,0,2
9,9,8,2,3,2,0,0,0,2
9,9,1,1,3,3,0,0,1,1
9,9,7,2,3,2,0,0,0,2
9,10,4,1,4,2,0,0,0,2
9,10,5,1,3,2,1,0,0,3
9,10,6,2,3,2,0,0,0,2
9,10,8,2,5,2,0,0,0,2
9,10,1,1,3,2,1,0,1,2
9,10,7,2,4,2,0,0,0,2
9,11,4,1,4,2,0,0,0,2
9,11,5,1,4,2,0,0,0,2
9,11,6,2,3,2,0,0,1,2
9,11,8,2,5,2,0,0,0,2
9,11,1,1,3,2,0,0,0,1
9,11,7,2,5,2,0,0,0,2
9,12,4,1,3,3,0,0,0,1
9,12,5,1,3,2,0,0,0,1
9,12,6,2,2,3,0,0,1,2
9,12,8,2,5,2,0,0,0,2
9,12,1,1,3,2,1,0,0,1
9,12,7,2,4,2,0,0,0,2
9,13,4,1,3,2,0,1,1,2
9,13,5,1,2,2,0,1,0,1
9,13,6,2,1,1,0,0,1,1
9,13,8,2,3,2,0,1,0,2
9,13,1,1,1,2,1,1,0,2
9,13,7,2,2,2,0,1,0,2
9,14,4,1,1,3,0,0,0,1
9,14,5,1,2,2,0,0,0,1
9,14,6,2,1,3,0,0,1,1
9,14,8,2,2,2,0,0,0,1
9,14,1,1,2,2,0,0,0,1
9,14,7,2,3,2,0,1,0,1
9,15,4,1,2,3,0,0,0,1
9,15,5,1,2,1,1,0,0,1
9,15,6,2,2,3,0,0,1,2
9,15,8,2,4,2,0,0,0,2
9,15,1,1,3,2,0,0,0,1
9,15,7,2,5,2,0,0,0,2
9,16,4,1,3,2,0,0,0,2
9,16,5,1,3,2,0,0,0,2
9,16,6,2,1,3,0,0,1,1
9,16,8,2,4,2,0,0,0,1
9,16,1,1,2,2,1,0,1,1
9,16,7,2,4,2,0,0,0,2
9,17,4,1,2,2,0,0,1,1
9,17,5,1,2,1,1,0,0,1
9,17,6,2,1,3,0,0,1,1
9,17,8,2,3,2,0,0,0,1
9,17,1,1,2,2,1,0,0,1
9,17,7,2,4,2,0,0,0,2
9,18,4,1,3,2,0,0,1,1
9,18,5,1,3,2,0,0,0,2
9,18,6,2,1,1,0,0,1,1
9,18,8,2,3,2,0,0,0,1
9,18,1,1,3,2,0,0,0,1
9,18,7,2,3,2,0,1,0,2
9,19,4,1,2,3,0,0,1,1
9,19,5,1,3,2,1,0,0,1
9,19,6,2,2,3,0,0,1,1
9,19,8,2,3,2,0,1,0,1
9,19,1,1,2,2,1,1,0,1
9,19,7,2,3,2,0,1,0,1
9,20,4,1,3,2,0,0,1,1
9,20,5,1,1,2,0,1,1,1
9,20,6,2,1,3,0,0,0,1
9,20,8,2,3,2,1,0,0,1
9,20,1,1,3,2,0,0,0,1
9,20,7,2,3,2,0,0,0,2
10,1,4,1,4,2,0,0,0,2
10,1,5,1,4,2,0,0,0,2
10,1,6,2,4,2,0,0,0,2
10,1,8,2,5,2,0,0,0,2
10,1,1,1,3,2,0,0,1,1
10,1,7,2,3,2,0,1,0,2
10,2,4,1,4,2,0,0,0,1
10,2,5,1,3,2,0,0,0,2
10,2,6,2,3,1,1,0,0,2
10,2,8,2,5,2,0,0,0,2
10,2,1,1,4,2,0,0,1,1
10,2,7,2,4,2,0,0,0,2
10,3,4,1,2,1,0,1,0,1
10,3,5,1,3,1,0,1,0,1
10,3,6,2,3,2,0,0,1,2
10,3,8,2,5,2,0,0,0,2
10,3,1,1,3,2,0,0,1,2
10,3,7,2,3,2,0,1,0,2
10,4,4,1,2,3,0,0,1,1
10,4,5,1,3,2,0,0,1,1
10,4,6,2,3,2,0,0,0,1
10,4,8,2,3,2,0,1,0,2
10,4,1,1,3,2,0,0,1,2
10,4,7,2,3,2,0,0,0,2
10,5,4,1,4,2,1,1,0,3
10,5,5,1,5,2,0,0,0,2
10,5,6,2,4,2,0,0,0,2
10,5,8,2,5,2,0,0,0,2
10,5,1,1,4,2,0,0,0,2
10,5,7,2,5,2,0,0,0,2
10,6,4,1,5,2,0,0,0,2
10,6,5,1,5,2,0,0,0,2
10,6,6,2,4,2,0,0,0,2
10,6,8,2,5,2,0,0,0,2
10,6,1,1,3,2,1,0,1,2
10,6,7,2,4,2,0,0,0,2
10,7,4,1,4,2,0,0,0,2
10,7,5,1,4,2,0,0,0,2
10,7,6,2,5,2,0,0,0,2
10,7,8,2,5,2,0,0,0,2
10,7,1,1,5,2,0,0,0,2
10,7,7,2,5,2,0,0,0,2
10,8,4,1,4,3,0,0,0,2
10,8,5,1,4,2,0,0,1,2
10,8,6,2,3,2,0,0,0,2
10,8,8,2,5,2,0,0,0,2
10,8,1,1,4,2,0,0,1,2
10,8,7,2,5,2,0,0,0,2
10,9,4,1,3,2,0,1,0,3
10,9,5,1,5,2,0,0,0,2
10,9,6,2,4,2,0,0,0,3
10,9,8,2,5,2,0,0,0,2
10,9,1,1,4,2,0,0,1,2
10,9,7,2,4,2,0,0,0,2
10,10,4,1,3,2,0,0,1,2
10,10,5,1,5,2,0,0,0,2
10,10,6,2,4,2,0,0,0,2
10,10,8,2,5,2,0,0,0,2
10,10,1,1,3,2,0,0,1,2
10,10,7,2,5,2,0,0,0,2
10,11,4,1,4,2,0,0,0,2
10,11,5,1,4,2,0,0,1,2
10,11,6,2,4,2,0,0,0,2
10,11,8,2,5,2,0,0,0,2
10,11,1,1,4,2,0,0,0,2
10,11,7,2,5,2,0,0,0,2
10,12,4,1,4,2,0,0,0,2
10,12,5,1,5,2,0,0,0,2
10,12,6,2,3,2,0,0,1,2
10,12,8,2,5,2,0,0,0,2
10,12,1,1,4,2,0,0,0,2
10,12,7,2,5,2,0,0,0,2
10,13,4,1,4,2,0,0,0,2
10,13,5,1,2,1,0,0,0,3
10,13,6,2,3,1,0,0,1,2
10,13,8,2,5,2,0,0,0,2
10,13,1,1,4,2,0,0,1,2
10,13,7,2,3,1,0,1,0,2
10,14,4,1,4,2,0,0,0,3
10,14,5,1,5,2,0,0,0,2
10,14,6,2,3,2,0,0,0,2
10,14,8,2,5,2,0,0,0,3
10,14,1,1,4,2,0,0,0,2
10,14,7,2,4,2,0,0,0,2
10,15,4,1,3,2,0,0,0,1
10,15,5,1,2,3,1,0,0,2
10,15,6,2,2,2,1,0,1,2
10,15,8,2,4,2,0,0,0,3
10,15,1,1,3,2,0,0,1,3
10,15,7,2,4,2,0,0,0,2
11,1,4,1,4,3,0,0,0,2
11,1,5,1,3,2,0,0,1,1
11,1,6,2,3,2,0,0,0,1
11,1,8,2,3,2,1,0,0,1
11,1,1,1,3,2,1,0,0,3
11,1,7,2,3,2,0,0,0,2
11,2,4,1,3,2,0,1,0,2
11,2,5,1,3,3,0,0,0,2
11,2,6,2,3,2,0,0,0,3
11,2,8,2,4,2,1,0,0,2
11,2,1,1,5,2,0,0,0,2
11,2,7,2,4,2,0,0,0,2
11,3,4,1,3,2,0,0,0,1
11,3,5,1,5,2,0,0,0,2
11,3,6,2,3,2,0,1,0,2
11,3,8,2,4,2,0,0,0,1
11,3,1,1,4,2,0,0,0,2
11,3,7,2,4,2,0,0,0,2
11,4,4,1,3,2,0,0,0,1
11,4,5,1,2,3,0,0,1,1
11,4,6,2,2,2,1,0,0,2
11,4,8,2,3,2,1,0,0,1
11,4,1,1,2,2,1,0,1,3
11,4,7,2,4,2,0,0,0,2
11,5,4,1,4,2,0,0,1,2
11,5,5,1,3,3,0,0,1,2
11,5,6,2,3,3,0,0,1,2
11,5,8,2,4,2,0,0,0,1
11,5,1,1,4,2,0,0,1,2
11,5,7,2,4,2,0,0,0,2
11,6,4,1,3,1,1,0,1,2
11,6,5,1,2,1,1,0,0,1
11,6,6,2,2,1,0,1,1,2
11,6,8,2,2,1,0,0,0,1
11,6,1,1,2,1,0,0,1,1
11,6,7,2,2,1,0,1,0,2
11,7,4,1,2,2,0,0,1,1
11,7,5,1,1,2,1,0,1,1
11,7,6,2,1,1,1,1,1,1
11,7,8,2,1,2,1,0,0,1
11,7,1,1,3,2,1,0,1,2
11,7,7,2,1,2,1,1,0,2
11,8,4,1,3,3,0,0,1,2
11,8,5,1,3,3,1,0,0,2
11,8,6,2,2,2,0,0,0,2
11,8,8,2,2,2,1,0,0,1
11,8,1,1,4,2,0,0,1,2
11,8,7,2,4,2,0,0,0,2
11,9,4,1,3,3,0,0,1,2
11,9,5,1,4,2,0,0,0,2
11,9,6,2,2,2,0,0,0,2
11,9,8,2,4,2,0,0,0,2
11,9,1,1,3,2,0,0,1,2
11,9,7,2,3,2,0,1,0,2
11,10,4,1,4,2,0,0,0,2
11,10,5,1,4,1,0,0,1,2
11,10,6,2,4,2,0,0,0,2
11,10,8,2,4,2,0,0,0,2
11,10,1,1,4,2,1,0,0,2
11,10,7,2,4,2,0,0,0,2
11,11,4,1,2,3,0,0,0,2
11,11,5,1,3,3,1,0,0,2
11,11,6,2,3,2,1,0,0,2
11,11,8,2,4,2,0,0,0,1
11,11,1,1,4,2,0,0,0,1
11,11,7,2,4,2,0,0,0,2
11,12,4,1,3,1,1,0,0,2
11,12,5,1,3,2,1,0,0,2
11,12,6,2,2,1,1,1,1,1
11,12,8,2,2,1,1,0,1,3
11,12,1,1,3,2,1,0,0,2
11,12,7,2,1,1,1,1,1,1
11,13,4,1,4,2,0,0,0,2
11,13,5,1,5,2,0,0,0,2
11,13,6,2,3,2,0,0,0,2
11,13,8,2,4,2,0,0,0,2
11,13,1,1,4,2,0,0,0,2
11,13,7,2,5,2,0,0,0,2
11,14,4,1,4,2,0,0,0,2
11,14,5,1,4,2,0,0,0,2
11,14,6,2,4,2,0,0,0,2
11,14,8,2,5,2,0,0,0,2
11,14,1,1,4,2,0,0,0,2
11,14,7,2,5,2,0,0,0,2
11,15,4,1,4,2,0,0,0,2
11,15,5,1,2,2,0,0,1,2
11,15,6,2,4,2,0,0,0,3
11,15,8,2,3,2,1,0,1,2
11,15,1,1,3,2,1,0,0,3
11,15,7,2,4,2,0,0,0,2
11,16,4,1,4,2,0,0,0,2
11,16,5,1,5,2,0,0,0,2
11,16,6,2,4,2,0,0,0,2
11,16,8,2,5,2,0,0,0,2
11,16,1,1,4,2,0,0,0,2
11,16,7,2,5,2,0,0,0,2
11,17,4,1,3,2,0,0,0,2
11,17,5,1,2,2,0,1,0,2
11,17,6,2,3,3,0,0,0,2
11,17,8,2,4,2,0,0,0,2
11,17,1,1,4,2,0,0,0,2
11,17,7,2,3,2,0,0,0,2
11,18,4,1,3,2,0,0,1,2
11,18,5,1,5,2,0,0,0,2
11,18,6,2,3,3,0,0,0,2
11,18,8,2,4,2,0,0,0,3
11,18,1,1,4,2,0,0,0,2
11,18,7,2,4,2,0,0,0,2
11,19,4,1,3,2,0,0,1,2
11,19,5,1,2,1,1,0,0,1
11,19,6,2,2,1,0,1,0,2
11,19,8,2,2,1,1,0,1,2
11,19,1,1,4,2,0,0,1,2
11,19,7,2,2,1,0,1,0,2
11,20,4,1,4,2,0,0,0,2
11,20,5,1,4,2,0,0,0,2
11,20,6,2,3,2,0,0,0,2
11,20,8,2,4,2,0,0,0,2
11,20,1,1,4,2,0,0,0,2
11,20,7,2,4,2,0,0,0,2
13,1,4,1,3,2,0,1,0,3
13,1,5,1,5,2,0,0,0,2
13,1,6,2,3,1,1,0,0,2
13,1,8,2,3,2,1,0,0,2
13,1,1,1,5,2,0,0,0,2
13,1,7,2,2,1,0,1,0,2
13,2,4,1,4,2,0,0,0,2
13,2,5,1,5,2,0,0,0,2
13,2,6,2,3,2,0,0,1,2
13,2,8,2,4,2,0,0,0,2
13,2,1,1,4,2,0,0,1,2
13,2,7,2,2,2,0,1,0,2
13,3,4,1,4,2,0,0,0,2
13,3,5,1,4,1,0,0,0,2
13,3,6,2,2,2,0,0,1,2
13,3,8,2,4,2,0,0,0,2
13,3,1,1,4,2,0,0,0,2
13,3,7,2,3,2,0,0,0,2
13,4,4,1,4,2,0,0,0,2
13,4,5,1,3,2,0,0,1,2
13,4,6,2,3,2,0,0,0,2
13,4,8,2,3,2,0,0,0,1
13,4,1,1,5,2,0,0,0,2
13,4,7,2,3,2,0,0,0,2
13,5,4,1,4,2,0,1,0,2
13,5,5,1,5,2,0,0,0,2
13,5,6,2,3,2,1,0,0,2
13,5,8,2,3,2,0,0,0,1
13,5,1,1,5,2,0,0,0,2
13,5,7,2,4,2,0,0,0,2
13,6,4,1,4,2,0,0,0,2
13,6,5,1,4,2,0,0,0,2
13,6,6,2,3,2,0,0,0,2
13,6,8,2,3,2,0,0,0,1
13,6,1,1,5,2,0,0,0,2
13,6,7,2,5,2,0,0,0,2
13,7,4,1,4,3,0,0,0,2
13,7,5,1,4,2,0,0,0,2
13,7,6,2,3,2,0,0,0,2
13,7,8,2,4,2,0,0,0,2
13,7,1,1,4,2,0,0,0,2
13,7,7,2,5,2,0,0,0,2
13,8,4,1,3,2,0,0,1,1
13,8,5,1,3,3,1,0,0,2
13,8,6,2,2,2,0,0,1,2
13,8,8,2,4,2,0,0,0,2
13,8,1,1,5,2,0,0,0,2
13,8,7,2,3,2,0,0,0,2
13,9,4,1,3,2,0,1,0,3
13,9,5,1,4,2,0,0,0,2
13,9,6,2,3,2,1,0,1,2
13,9,8,2,4,2,0,0,0,2
13,9,1,1,5,2,0,0,0,2
13,9,7,2,3,2,0,0,0,3
13,10,4,1,2,2,0,1,1,3
13,10,5,1,5,2,0,0,0,2
13,10,6,2,3,2,0,0,0,2
13,10,8,2,4,2,0,0,0,2
13,10,1,1,4,2,0,0,1,2
13,10,7,2,3,2,0,0,0,3
13,11,4,1,3,2,0,1,0,3
13,11,5,1,2,2,0,1,0,2
13,11,6,2,3,2,0,0,0,2
13,11,8,2,4,2,0,0,0,2
13,11,1,1,4,2,0,0,0,2
13,11,7,2,4,2,0,0,0,3
13,12,4,1,4,2,0,0,0,2
13,12,5,1,3,2,0,0,1,1
13,12,6,2,3,2,0,0,0,2
13,12,8,2,4,2,0,0,0,2
13,12,1,1,5,2,0,0,0,2
13,12,7,2,5,2,0,0,0,2
17,1,4,1,3,2,0,1,0,3
17,1,5,1,3,1,0,0,0,2
17,1,6,2,2,1,0,0,0,1
17,1,8,2,3,2,0,1,0,2
17,1,1,1,3,2,0,0,1,3
17,1,7,2,3,2,0,1,0,2
17,2,4,1,4,2,0,0,0,2
17,2,5,1,4,2,0,0,0,2
17,2,6,2,3,2,0,0,0,2
17,2,8,2,5,2,0,0,0,2
17,2,1,1,4,2,0,0,0,2
17,2,7,2,3,2,0,0,0,2
17,3,4,1,3,2,0,0,0,3
17,3,5,1,5,2,0,0,0,2
17,3,6,2,3,2,0,0,0,2
17,3,8,2,4,2,0,0,0,2
17,3,1,1,4,2,0,0,1,2
17,3,7,2,4,2,0,0,0,2
17,4,4,1,3,2,0,0,0,2
17,4,5,1,2,1,0,1,1,1
17,4,6,2,1,3,0,0,1,1
17,4,8,2,4,2,0,1,0,2
17,4,1,1,3,2,0,0,1,1
17,4,7,2,3,2,0,1,0,2
17,5,4,1,1,3,0,0,0,1
17,5,5,1,4,2,0,0,0,2
17,5,6,2,1,3,0,0,1,1
17,5,8,2,3,2,0,1,0,2
17,5,1,1,3,2,0,0,1,1
17,5,7,2,4,2,0,0,0,2
17,6,4,1,2,3,0,0,1,1
17,6,5,1,3,2,0,0,1,1
17,6,6,2,2,2,0,0,1,2
17,6,8,2,3,2,0,1,0,2
17,6,1,1,3,2,0,0,1,2
17,6,7,2,4,2,0,0,0,2
17,7,4,1,4,2,0,0,0,2
17,7,5,1,3,3,0,0,1,2
17,7,6,2,2,2,1,0,0,1
17,7,8,2,3,2,0,1,0,2
17,7,1,1,4,2,0,0,0,2
17,7,7,2,4,2,0,0,0,2
17,8,4,1,4,2,0,0,1,2
17,8,5,1,5,2,0,0,0,2
17,8,6,2,4,2,0,0,0,2
17,8,8,2,4,2,0,1,0,2
17,8,1,1,5,2,0,0,0,2
17,8,7,2,5,2,0,0,0,2
17,9,4,1,2,2,0,1,0,2
17,9,5,1,5,2,0,0,0,2
17,9,6,2,2,2,0,0,1,1
17,9,8,2,3,2,0,1,0,2
17,9,1,1,3,2,0,0,1,2
17,9,7,2,4,2,0,0,0,2
17,10,4,1,4,2,0,0,0,2
17,10,5,1,3,2,0,0,0,1
17,10,6,2,2,2,0,0,1,2
17,10,8,2,3,2,0,1,0,2
17,10,1,1,4,2,0,0,0,2
17,10,7,2,3,2,0,1,0,2
17,11,4,1,3,2,0,1,0,2
17,11,5,1,5,2,0,0,0,2
17,11,6,2,4,2,0,0,0,3
17,11,8,2,3,2,0,1,0,2
17,11,1,1,5,2,0,0,0,2
17,11,7,2,4,2,0,0,0,2
17,12,4,1,4,2,0,0,0,2
17,12,5,1,5,2,0,0,0,2
17,12,6,2,4,2,0,0,0,2
17,12,8,2,4,2,0,0,0,2
17,12,1,1,4,2,0,0,1,3
17,12,7,2,5,2,0,0,0,2
17,13,4,1,4,2,0,0,0,3
17,13,5,1,4,2,0,0,0,2
17,13,6,2,3,2,0,0,0,2
17,13,8,2,3,2,0,1,0,1
17,13,1,1,5,2,0,0,0,2
17,13,7,2,5,2,0,0,0,2
17,14,4,1,3,2,0,0,1,2
17,14,5,1,3,2,0,0,0,2
17,14,6,2,3,3,0,0,0,2
17,14,8,2,3,2,0,1,0,2
17,14,1,1,4,2,0,0,1,2
17,14,7,2,4,2,0,0,0,2
17,15,4,1,4,2,0,0,0,2
17,15,5,1,4,2,0,0,0,2
17,15,6,2,3,3,0,0,0,2
17,15,8,2,3,2,0,1,0,2
17,15,1,1,4,2,0,0,1,2
17,15,7,2,4,2,0,0,0,2
17,16,4,1,3,2,0,0,0,1
17,16,5,1,4,2,0,0,0,2
17,16,6,2,4,2,0,0,0,2
17,16,8,2,3,2,0,0,0,2
17,16,1,1,3,2,1,0,1,2
17,16,7,2,4,2,0,0,0,2
17,17,4,1,3,2,0,1,0,3
17,17,5,1,3,2,0,0,0,3
17,17,6,2,2,2,1,0,0,2
17,17,8,2,3,2,0,0,0,2
17,17,1,1,4,2,0,0,0,2
17,17,7,2,4,2,0,0,0,2
17,18,4,1,3,2,0,0,1,2
17,18,5,1,4,2,0,0,0,2
17,18,6,2,2,3,1,0,0,2
17,18,8,2,4,2,0,0,0,2
17,18,1,1,5,2,0,0,0,2
17,18,7,2,5,2,0,0,0,2
17,19,4,1,3,2,0,0,1,2
17,19,5,1,4,2,0,0,0,3
17,19,6,2,2,2,0,0,0,2
17,19,8,2,3,2,0,1,0,2
17,19,1,1,4,2,0,0,0,2
17,19,7,2,4,2,0,0,0,2
17,20,4,1,3,1,1,1,0,3
17,20,5,1,4,2,0,0,0,2
17,20,6,2,3,2,0,0,0,2
17,20,8,2,3,2,0,1,0,2
17,20,1,1,4,2,0,0,0,2
17,20,7,2,4,2,0,0,0,2
18,1,4,1,4,2,0,0,1,2
18,1,5,1,4,2,0,0,0,2
18,1,6,2,3,2,0,0,0,2
18,1,8,2,4,2,0,0,0,2
18,1,1,1,5,2,0,0,0,2
18,1,7,2,3,2,0,0,0,2
18,2,4,1,3,2,0,0,0,2
18,2,5,1,5,2,0,0,0,2
18,2,6,2,3,2,0,0,0,2
18,2,8,2,5,2,0,0,0,2
18,2,1,1,5,2,0,0,0,2
18,2,7,2,3,2,0,0,0,2
18,3,4,1,4,2,0,0,0,2
18,3,5,1,5,2,0,0,0,2
18,3,6,2,3,2,0,0,0,2
18,3,8,2,5,2,0,0,0,2
18,3,1,1,4,2,0,0,0,2
18,3,7,2,4,2,0,0,0,2
18,4,4,1,4,2,0,0,0,2
18,4,5,1,4,2,0,0,0,2
18,4,6,2,2,2,0,0,0,2
18,4,8,2,5,2,0,0,0,2
18,4,1,1,4,2,0,0,0,2
18,4,7,2,4,2,0,0,0,2
18,5,4,1,3,2,0,0,1,3
18,5,5,1,3,2,0,0,0,2
18,5,6,2,3,1,0,0,1,2
18,5,8,2,5,2,0,0,0,2
18,5,1,1,4,2,0,0,1,2
18,5,7,2,3,1,0,0,0,2
18,6,4,1,3,2,0,1,0,3
18,6,5,1,3,1,0,0,0,2
18,6,6,2,3,2,0,0,0,2
18,6,8,2,5,2,0,0,0,2
18,6,1,1,4,2,0,0,0,2
18,6,7,2,3,2,0,0,0,2
18,7,4,1,3,1,0,0,1,2
18,7,5,1,4,2,0,0,0,2
18,7,6,2,2,2,0,0,0,2
18,7,8,2,4,1,0,0,0,2
18,7,1,1,3,2,0,1,1,2
18,7,7,2,2,1,1,1,0,2
18,8,4,1,3,1,0,0,1,2
18,8,5,1,2,1,0,0,1,2
18,8,6,2,3,1,1,0,0,2
18,8,8,2,4,1,0,0,0,2
18,8,1,1,3,1,0,0,1,2
18,8,7,2,2,1,1,1,1,2
18,9,4,1,4,2,0,0,0,3
18,9,5,1,3,1,1,0,0,1
18,9,6,2,3,2,1,0,0,2
18,9,8,2,4,2,0,0,0,2
18,9,1,1,4,2,0,0,0,2
18,9,7,2,3,2,0,0,0,2
18,10,4,1,5,2,0,0,0,2
18,10,5,1,5,2,0,0,0,2
18,10,6,2,3,2,0,0,0,2
18,10,8,2,5,2,0,0,0,2
18,10,1,1,3,2,0,0,1,2
18,10,7,2,3,1,0,1,0,2
18,11,4,1,3,2,0,1,0,2
18,11,5,1,4,2,0,0,0,2
18,11,6,2,3,2,0,0,0,2
18,11,8,2,5,2,0,0,0,2
18,11,1,1,4,2,0,0,0,2
18,11,7,2,4,2,0,0,0,2
19,1,4,1,4,2,0,0,1,1
19,1,5,1,4,2,0,0,0,2
19,1,6,2,4,2,0,0,0,2
19,1,8,2,3,2,0,0,0,1
19,1,1,1,3,2,0,0,1,2
19,1,7,2,2,2,0,1,0,2
19,2,4,1,3,3,0,0,0,1
19,2,5,1,3,2,0,0,0,1
19,2,6,2,2,2,0,0,1,2
19,2,8,2,3,2,0,1,0,1
19,2,1,1,3,2,0,0,0,1
19,2,7,2,2,2,0,0,0,2
19,3,4,1,3,1,0,0,0,2
19,3,5,1,5,2,0,0,0,2
19,3,6,2,3,2,0,0,0,2
19,3,8,2,4,1,0,0,0,2
19,3,1,1,4,1,0,0,1,1
19,3,7,2,3,2,0,0,0,2
19,4,4,1,2,1,1,0,0,2
19,4,5,1,5,2,0,0,0,2
19,4,6,2,3,2,0,0,0,2
19,4,8,2,4,2,0,0,0,2
19,4,1,1,4,1,0,0,1,2
19,4,7,2,2,1,0,0,0,2
19,5,4,1,4,2,0,0,0,2
19,5,5,1,4,1,0,0,0,1
19,5,6,2,3,2,0,0,0,2
19,5,8,2,3,2,1,0,0,1
19,5,1,1,3,2,0,0,1,2
19,5,7,2,3,2,0,1,0,2
19,6,4,1,4,2,0,0,0,2
19,6,5,1,5,2,0,0,0,2
19,6,6,2,3,2,0,0,0,2
19,6,8,2,4,2,0,0,0,2
19,6,1,1,4,2,0,0,0,2
19,6,7,2,4,2,0,0,0,2
19,7,4,1,3,1,0,0,0,2
19,7,5,1,4,2,0,0,0,1
19,7,6,2,3,2,0,0,0,2
19,7,8,2,4,2,0,0,0,1
19,7,1,1,3,2,0,0,1,2
19,7,7,2,1,1,0,1,1,2
19,8,4,1,3,1,0,0,1,1
19,8,5,1,4,2,0,0,0,2
19,8,6,2,4,2,0,0,0,2
19,8,8,2,4,2,0,0,0,1
19,8,1,1,3,2,0,0,0,2
19,8,7,2,3,2,0,0,0,2
19,9,4,1,2,2,0,0,1,1
19,9,5,1,4,2,0,0,0,2
19,9,6,2,3,2,0,0,0,2
19,9,8,2,4,2,0,0,0,2
19,9,1,1,3,2,0,0,1,2
19,9,7,2,2,1,0,1,1,1
19,10,4,1,2,2,0,0,1,1
19,10,5,1,2,2,0,0,0,1
19,10,6,2,3,2,0,0,0,2
19,10,8,2,4,2,0,0,0,1
19,10,1,1,2,2,0,0,1,1
19,10,7,2,3,2,0,0,0,2
19,11,4,1,3,2,0,0,1,2
19,11,5,1,4,2,0,0,0,1
19,11,6,2,3,2,0,0,0,2
19,11,8,2,4,2,0,0,0,1
19,11,1,1,3,2,0,0,0,2
19,11,7,2,3,2,0,0,0,2
19,12,4,1,2,1,0,0,1,1
19,12,5,1,4,2,0,0,0,2
19,12,6,2,2,2,0,0,0,1
19,12,8,2,4,2,0,0,0,1
19,12,1,1,3,2,0,0,1,1
19,12,7,2,3,1,0,0,0,2
19,13,4,1,2,1,0,0,1,2
19,13,5,1,5,2,0,0,0,2
19,13,6,2,3,2,0,0,0,2
19,13,8,2,3,1,0,0,0,1
19,13,1,1,3,2,0,0,1,2
19,13,7,2,2,1,0,0,0,2
19,14,4,1,3,2,0,0,1,3
19,14,5,1,4,2,0,0,0,2
19,14,6,2,4,2,0,0,0,2
19,14,8,2,4,2,0,0,0,1
19,14,1,1,3,2,0,0,1,2
19,14,7,2,3,2,0,0,0,2
19,15,4,1,4,2,0,0,0,2
19,15,5,1,3,2,0,0,0,2
19,15,6,2,3,2,0,0,0,2
19,15,8,2,3,1,0,0,0,1
19,15,1,1,4,2,0,0,0,2
19,15,7,2,3,2,0,0,0,2
19,16,4,1,3,2,0,0,1,2
19,16,5,1,4,2,0,0,0,2
19,16,6,2,3,2,0,0,0,2
19,16,8,2,2,1,0,0,0,1
19,16,1,1,4,2,0,0,1,2
19,16,7,2,2,1,0,0,0,2
20,1,4,1,4,2,0,0,0,2
20,1,5,1,4,2,0,0,0,2
20,1,6,2,3,2,0,0,0,2
20,1,8,2,3,2,0,0,0,1
20,1,1,1,3,2,0,0,0,1
20,1,7,2,2,2,0,1,0,2
20,2,4,1,2,1,0,1,0,1
20,2,5,1,3,2,1,0,0,1
20,2,6,2,2,1,0,1,0,1
20,2,8,2,3,1,0,0,0,1
20,2,1,1,3,1,0,0,0,1
20,2,7,2,1,1,1,1,1,1
20,3,4,1,4,2,0,0,0,2
20,3,5,1,3,1,0,0,0,1
20,3,6,2,2,1,0,0,0,1
20,3,8,2,3,2,0,1,0,1
20,3,1,1,4,2,0,0,0,1
20,3,7,2,1,1,1,1,0,1
20,4,4,1,3,2,0,0,0,1
20,4,5,1,3,1,0,0,0,1
20,4,6,2,2,2,0,0,0,1
20,4,8,2,3,2,0,1,0,1
20,4,1,1,3,2,0,0,0,1
20,4,7,2,1,1,0,1,1,2
20,5,4,1,4,1,0,0,0,2
20,5,5,1,2,1,0,0,0,1
20,5,6,2,3,2,0,0,0,2
20,5,8,2,3,2,0,0,0,2
20,5,1,1,4,1,0,0,0,1
20,5,7,2,2,2,0,0,0,2
20,6,4,1,2,1,0,0,1,1
20,6,5,1,3,2,0,0,0,1
20,6,6,2,3,2,0,0,0,2
20,6,8,2,3,2,0,0,0,1
20,6,1,1,4,2,0,0,0,2
20,6,7,2,2,1,0,0,1,2
20,7,4,1,4,2,0,0,0,2
20,7,5,1,4,2,0,0,0,2
20,7,6,2,4,2,0,0,0,2
20,7,8,2,3,2,0,1,0,2
20,7,1,1,4,2,0,0,0,2
20,7,7,2,3,2,0,0,0,2
20,8,4,1,4,1,0,0,0,2
20,8,5,1,2,2,0,0,1,1
20,8,6,2,3,2,0,0,0,2
20,8,8,2,3,2,0,0,0,1
20,8,1,1,5,2,0,0,0,2
20,8,7,2,3,2,0,1,0,2
20,9,4,1,3,1,0,0,0,1
20,9,5,1,3,1,0,0,0,1
20,9,6,2,2,2,0,0,0,2
20,9,8,2,3,2,0,0,0,1
20,9,1,1,5,2,0,0,0,2
20,9,7,2,2,1,0,0,0,2
20,10,4,1,3,2,0,0,0,1
20,10,5,1,3,1,0,0,1,1
20,10,6,2,3,1,0,0,0,2
20,10,8,2,3,2,0,0,0,1
20,10,1,1,4,1,0,0,0,2
20,10,7,2,2,2,0,0,0,1
20,11,4,1,4,2,0,0,0,2
20,11,5,1,5,2,0,0,0,2
20,11,6,2,2,3,0,0,0,2
20,11,8,2,3,2,0,0,0,1
20,11,1,1,4,2,0,0,0,2
20,11,7,2,2,2,0,1,1,2
20,12,4,1,3,2,1,0,0,2
20,12,5,1,4,2,0,1,0,2
20,12,6,2,3,2,0,0,0,2
20,12,8,2,3,2,1,1,0,1
20,12,1,1,4,2,0,0,0,2
20,12,7,2,3,2,0,0,0,2
20,13,4,1,4,2,0,0,0,2
20,13,5,1,4,1,0,0,0,1
20,13,6,2,4,2,0,0,0,2
20,13,8,2,3,2,0,1,0,1
20,13,1,1,4,2,0,0,0,2
20,13,7,2,3,2,0,0,0,2
21,1,4,1,2,3,0,0,0,1
21,1,5,1,4,2,0,0,0,2
21,1,6,2,2,2,0,0,0,2
21,1,8,2,4,2,0,0,0,1
21,1,1,1,3,2,0,0,0,2
21,1,7,2,3,2,0,0,0,2
21,2,4,1,2,2,1,0,0,1
21,2,5,1,3,2,1,1,0,1
21,2,6,2,1,3,1,1,0,1
21,2,8,2,3,2,0,0,0,1
21,2,1,1,3,2,1,0,1,2
21,2,7,2,2,1,0,1,0,2
21,3,4,1,4,2,0,0,0,2
21,3,5,1,5,2,0,0,0,2
21,3,6,2,3,2,0,0,0,2
21,3,8,2,5,2,0,0,0,2
21,3,1,1,4,2,0,0,1,2
21,3,7,2,3,2,0,0,0,2
21,4,4,1,2,3,1,1,1,2
21,4,5,1,4,3,0,0,0,2
21,4,6,2,2,2,0,0,0,3
21,4,8,2,3,2,1,0,0,2
21,4,1,1,1,2,0,0,1,2
21,4,7,2,1,2,1,1,1,2
21,5,4,1,3,2,0,0,0,2
21,5,5,1,4,2,0,0,0,2
21,5,6,2,2,2,0,0,0,2
21,5,8,2,3,2,0,0,0,1
21,5,1,1,4,2,0,0,0,1
21,5,7,2,3,2,0,0,0,1
21,6,4,1,3,2,0,0,0,1
21,6,5,1,5,2,0,0,0,2
21,6,6,2,2,2,0,0,0,2
21,6,8,2,3,2,0,0,0,1
21,6,1,1,4,2,0,0,0,1
21,6,7,2,3,2,0,1,0,1
21,7,4,1,4,2,0,0,0,2
21,7,5,1,5,2,0,0,0,2
21,7,6,2,3,2,0,0,0,2
21,7,8,2,4,2,1,1,0,1
21,7,1,1,3,2,0,0,1,2
21,7,7,2,3,2,0,0,0,2
21,8,4,1,3,3,0,0,0,1
21,8,5,1,5,2,0,0,0,2
21,8,6,2,3,2,0,0,0,2
21,8,8,2,3,2,0,0,0,1
21,8,1,1,4,2,0,0,0,2
21,8,7,2,2,2,0,1,0,2
21,9,4,1,4,2,0,0,0,2
21,9,5,1,4,2,0,0,0,2
21,9,6,2,2,2,0,0,1,2
21,9,8,2,3,2,0,0,0,1
21,9,1,1,4,2,0,0,0,2
21,9,7,2,2,2,0,1,0,1
21,10,4,1,4,2,0,0,0,2
21,10,5,1,5,2,0,0,0,2
21,10,6,2,4,2,0,0,0,2
21,10,8,2,4,2,0,0,0,2
21,10,1,1,4,2,0,0,1,2
21,10,7,2,3,2,0,0,0,2
21,11,4,1,3,2,0,1,0,2
21,11,5,1,5,2,0,0,0,2
21,11,6,2,3,2,0,0,0,2
21,11,8,2,3,2,0,0,0,2
21,11,1,1,4,2,0,0,0,2
21,11,7,2,3,2,0,0,0,2
21,12,4,1,4,2,0,0,0,2
21,12,5,1,5,2,0,0,0,2
21,12,6,2,3,2,0,0,0,2
21,12,8,2,4,2,0,0,0,2
21,12,1,1,4,3,0,0,1,2
21,12,7,2,3,2,0,0,0,2
21,13,4,1,4,2,0,0,0,2
21,13,5,1,5,2,0,0,0,2
21,13,6,2,3,2,0,0,0,2
21,13,8,2,4,2,0,0,0,1
21,13,1,1,4,2,0,0,0,2
21,13,7,2,3,2,0,0,0,2
22,1,4,1,2,2,1,0,0,2
22,1,5,1,3,2,0,1,0,1
22,1,6,2,3,1,0,1,1,2
22,1,8,2,3,1,1,0,0,2
22,1,1,1,3,2,1,0,0,2
22,1,7,2,3,2,0,0,0,2
22,2,4,1,2,1,1,0,1,1
22,2,5,1,3,1,1,0,0,2
22,2,6,2,3,1,1,1,0,2
22,2,8,2,2,1,1,0,0,1
22,2,1,1,3,1,1,0,1,2
22,2,7,2,2,1,1,1,0,1
22,3,4,1,3,1,0,0,0,2
22,3,5,1,4,2,0,0,0,1
22,3,6,2,2,1,1,1,0,2
22,3,8,2,2,2,1,0,0,1
22,3,1,1,3,2,0,0,1,2
22,3,7,2,2,1,0,1,0,2
22,4,4,1,2,1,0,0,1,2
22,4,5,1,4,2,0,0,0,2
22,4,6,2,3,1,0,0,1,2
22,4,8,2,3,1,0,0,0,1
22,4,1,1,3,2,0,0,1,2
22,4,7,2,3,2,0,0,0,2
22,5,4,1,4,2,0,0,0,2
22,5,5,1,5,2,0,0,0,2
22,5,6,2,3,2,0,0,0,2
22,5,8,2,4,2,0,0,0,2
22,5,1,1,4,2,0,0,0,2
22,5,7,2,3,2,0,0,0,2
22,6,4,1,2,1,0,0,1,1
22,6,5,1,4,2,0,0,0,2
22,6,6,2,3,1,0,0,0,2
22,6,8,2,3,1,0,1,0,1
22,6,1,1,3,2,0,0,1,2
22,6,7,2,2,1,0,1,0,1
22,7,4,1,3,1,0,0,1,3
22,7,5,1,4,1,0,0,0,2
22,7,6,2,3,2,0,0,0,2
22,7,8,2,4,2,0,1,0,2
22,7,1,1,5,2,0,0,0,2
22,7,7,2,3,2,0,0,0,2
22,8,4,1,2,1,0,0,1,2
22,8,5,1,5,2,0,0,0,2
22,8,6,2,2,2,0,0,0,1
22,8,8,2,2,2,0,1,0,1
22,8,1,1,4,2,0,0,0,2
22,8,7,2,2,2,0,1,0,2
22,9,4,1,3,1,0,0,1,2
22,9,5,1,5,2,0,0,0,2
22,9,6,2,4,2,0,0,0,2
22,9,8,2,3,2,0,1,0,2
22,9,1,1,3,2,0,0,1,2
22,9,7,2,3,2,0,0,0,2
22,10,4,1,3,1,0,0,1,2
22,10,5,1,5,2,0,0,0,2
22,10,6,2,2,1,1,1,0,1
22,10,8,2,3,1,0,1,0,2
22,10,1,1,3,2,0,0,1,3
22,10,7,2,1,1,1,1,0,2
22,11,4,1,4,2,0,0,0,2
22,11,5,1,4,2,0,0,0,2
22,11,6,2,2,1,0,0,0,1
22,11,8,2,3,2,0,1,0,2
22,11,1,1,3,2,0,0,1,2
22,11,7,2,2,2,0,1,0,2
22,12,4,1,4,3,0,0,1,2
22,12,5,1,3,1,0,0,0,2
22,12,6,2,2,2,0,0,0,2
22,12,8,2,3,2,0,1,0,2
22,12,1,1,2,2,0,0,1,2
22,12,7,2,3,2,0,1,0,2
22,13,4,1,3,1,0,0,0,2
22,13,5,1,4,2,0,0,0,2
22,13,6,2,2,1,0,0,0,1
22,13,8,2,3,2,0,0,0,1
22,13,1,1,3,2,0,0,1,2
22,13,7,2,2,1,0,0,0,1
24,1,4,1,3,1,0,0,1,2
24,1,5,1,4,2,0,0,0,2
24,1,6,2,2,2,0,0,0,2
24,1,9,2,1,1,0,1,1,1
24,1,2,1,1,1,1,1,1,1
24,1,7,2,2,2,1,1,0,2
24,2,4,1,1,1,0,1,0,1
24,2,5,1,2,1,0,1,0,1
24,2,6,2,1,2,0,0,0,1
24,2,9,2,1,2,1,0,0,1
24,2,2,1,1,1,1,1,1,1
24,2,7,2,1,1,1,1,1,1
24,3,4,1,2,3,1,1,1,1
24,3,5,1,2,2,1,0,1,1
24,3,6,2,2,2,0,1,1,2
24,3,9,2,1,1,0,1,0,1
24,3,2,1,1,1,1,1,0,1
24,3,7,2,1,2,1,1,0,1
24,4,4,1,1,1,1,1,1,1
24,4,5,1,1,1,0,1,0,1
24,4,6,2,2,1,0,1,0,1
24,4,9,2,1,1,0,1,1,1
24,4,2,1,1,1,1,1,1,1
24,4,7,2,1,1,1,1,1,1
24,5,4,1,1,1,1,0,1,1
24,5,5,1,3,1,0,0,0,2
24,5,6,2,1,2,0,0,0,1
24,5,9,2,2,2,0,1,1,1
24,5,2,1,2,2,1,1,0,1
24,5,7,2,1,1,0,1,0,2
24,6,4,1,3,2,0,1,0,1
24,6,5,1,4,2,0,0,0,1
24,6,6,2,1,2,0,0,0,1
24,6,9,2,1,1,1,1,0,1
24,6,2,1,1,2,1,1,0,1
24,6,7,2,1,1,0,1,0,1
24,7,4,1,2,2,0,1,0,1
24,7,5,1,2,2,0,0,1,1
24,7,6,2,1,2,0,0,0,1
24,7,9,2,2,2,1,1,0,1
24,7,2,1,2,2,1,1,0,2
24,7,7,2,2,2,1,1,0,1
24,8,4,1,3,2,0,1,0,2
24,8,5,1,3,2,0,0,1,2
24,8,6,2,2,2,0,0,0,2
24,8,9,2,2,1,0,0,1,1
24,8,2,1,1,2,1,1,1,1
24,8,7,2,2,2,1,1,0,2
24,9,4,1,3,1,1,0,1,2
24,9,5,1,3,2,1,0,1,1
24,9,6,2,2,1,0,1,0,1
24,9,9,2,1,1,1,0,1,1
24,9,2,1,1,1,1,1,1,1
24,9,7,2,1,2,1,1,0,2
24,10,4,1,2,2,0,0,0,1
24,10,5,1,3,3,0,0,0,2
24,10,6,2,2,2,0,0,0,1
24,10,9,2,2,1,0,1,0,1
24,10,2,1,2,2,1,1,0,1
24,10,7,2,2,2,1,1,1,2
24,11,4,1,2,3,0,0,0,1
24,11,5,1,4,2,0,0,0,2
24,11,6,2,2,3,0,0,0,1
24,11,9,2,2,2,1,0,0,1
24,11,2,1,1,2,1,1,0,1
24,11,7,2,2,2,1,1,0,2
24,12,4,1,2,2,0,0,0,2
24,12,5,1,4,2,0,0,0,2
24,12,6,2,3,2,0,0,0,2
24,12,9,2,1,1,0,0,1,1
24,12,2,1,2,2,1,1,1,2
24,12,7,2,2,2,1,1,0,2
24,13,4,1,1,1,1,0,1,1
24,13,5,1,2,3,1,0,1,1
24,13,6,2,1,2,0,0,0,1
24,13,9,2,1,1,1,0,1,1
24,13,2,1,1,2,1,1,1,1
24,13,7,2,1,2,1,1,0,2
24,14,4,1,2,2,0,1,1,1
24,14,5,1,5,2,0,0,0,2
24,14,6,2,2,2,0,0,0,2
24,14,9,2,2,2,0,0,1,1
24,14,2,1,1,2,1,1,0,2
24,14,7,2,2,2,1,1,0,2
24,15,4,1,2,2,1,1,0,1
24,15,5,1,4,2,0,0,0,2
24,15,6,2,2,2,0,1,0,2
24,15,9,2,1,1,1,0,1,1
24,15,2,1,1,1,1,1,1,1
24,15,7,2,1,2,1,1,0,2
24,16,4,1,1,1,1,0,0,1
24,16,5,1,3,2,0,0,1,2
24,16,6,2,1,3,0,0,0,1
24,16,9,2,1,1,0,1,0,1
24,16,2,1,3,2,1,0,0,2
24,16,7,2,1,2,1,1,0,2
24,17,4,1,1,1,1,1,0,1
24,17,5,1,3,3,0,0,0,1
24,17,6,2,1,3,0,0,0,1
24,17,9,2,1,2,0,1,0,1
24,17,2,1,2,2,1,1,0,1
24,17,7,2,2,2,0,1,0,2
24,18,4,1,2,2,1,0,0,1
24,18,5,1,2,3,0,0,1,2
24,18,6,2,1,3,0,0,0,1
24,18,9,2,2,2,0,1,0,1
24,18,2,1,2,3,1,1,0,1
24,18,7,2,3,2,0,0,0,2
25,1,4,1,3,2,0,1,1,3
25,1,5,1,4,2,0,0,0,2
25,1,6,2,3,2,0,0,0,2
25,1,9,2,1,1,1,1,1,3
25,1,2,1,2,2,1,1,0,3
25,1,7,2,3,2,0,1,0,2
25,2,4,1,2,3,0,0,0,1
25,2,5,1,4,2,0,0,0,2
25,2,6,2,2,2,0,0,0,2
25,2,9,2,1,1,1,1,1,1
25,2,2,1,2,2,1,0,1,2
25,2,7,2,2,2,0,0,0,2
25,3,4,1,5,2,0,0,0,2
25,3,5,1,4,2,0,0,0,2
25,3,6,2,3,2,0,0,0,2
25,3,9,2,2,1,1,1,0,2
25,3,2,1,3,2,0,1,0,2
25,3,7,2,3,2,0,0,0,2
25,4,4,1,3,3,0,0,1,1
25,4,5,1,3,2,0,0,0,1
25,4,6,2,2,2,0,0,0,2
25,4,9,2,1,1,1,1,1,1
25,4,2,1,2,2,1,1,1,1
25,4,7,2,3,2,0,0,0,2
25,5,4,1,3,2,0,0,1,1
25,5,5,1,2,2,0,0,1,1
25,5,6,2,2,2,0,1,0,2
25,5,9,2,1,1,1,1,0,1
25,5,2,1,1,2,1,1,1,1
25,5,7,2,2,1,1,1,0,1
25,6,4,1,3,2,0,1,0,1
25,6,5,1,3,2,0,0,1,1
25,6,6,2,2,2,0,0,0,2
25,6,9,2,1,1,1,1,1,2
25,6,2,1,2,2,0,1,1,1
25,6,7,2,1,2,1,1,0,2
25,7,4,1,3,2,0,0,1,3
25,7,5,1,3,2,1,0,0,2
25,7,6,2,3,2,0,0,0,2
25,7,9,2,2,1,1,0,1,2
25,7,2,1,2,2,1,1,0,2
25,7,7,2,3,2,0,0,0,2
25,8,4,1,3,2,0,1,0,2
25,8,5,1,2,2,0,0,1,1
25,8,6,2,3,2,0,0,0,2
25,8,9,2,2,1,1,1,1,2
25,8,2,1,2,2,1,1,0,2
25,8,7,2,2,2,0,1,0,2
25,9,4,1,4,2,0,0,0,2
25,9,5,1,2,2,0,0,1,1
25,9,6,2,3,1,1,0,0,2
25,9,9,2,2,1,1,0,1,2
25,9,2,1,2,2,1,1,0,2
25,9,7,2,3,2,0,0,0,2
25,10,4,1,2,3,0,0,1,2
25,10,5,1,2,2,1,0,0,1
25,10,6,2,2,2,0,0,0,1
25,10,9,2,3,2,1,0,0,2
25,10,2,1,2,2,1,0,0,2
25,10,7,2,3,2,0,1,0,2
25,11,4,1,3,2,0,0,1,2
25,11,5,1,3,1,1,0,0,2
25,11,6,2,3,2,0,0,0,2
25,11,9,2,2,1,1,1,1,2
25,11,2,1,3,2,1,0,0,2
25,11,7,2,3,2,0,0,0,2
25,12,4,1,4,2,0,1,0,2
25,12,5,1,3,2,0,0,1,1
25,12,6,2,3,2,0,0,0,2
25,12,9,2,2,1,1,1,1,3
25,12,2,1,2,2,1,1,1,2
25,12,7,2,2,2,0,1,1,2
25,13,4,1,4,2,0,0,0,2
25,13,5,1,3,2,0,0,0,2
25,13,6,2,3,2,0,0,0,2
25,13,9,2,2,1,1,0,1,3
25,13,2,1,2,2,1,0,0,2
25,13,7,2,3,2,0,0,0,2
25,14,4,1,3,3,0,0,0,2
25,14,5,1,1,2,1,1,1,1
25,14,6,2,3,2,0,0,0,2
25,14,9,2,2,2,1,1,1,2
25,14,2,1,2,2,1,0,1,2
25,14,7,2,3,2,0,0,0,2
27,1,4,1,4,2,0,0,0,2
27,1,5,1,5,2,0,0,0,2
27,1,6,2,3,2,0,0,0,2
27,1,9,2,3,1,0,0,0,1
27,1,2,1,2,2,1,1,0,2
27,1,7,2,2,2,0,0,0,2
27,2,4,1,4,2,0,0,0,2
27,2,5,1,2,2,0,0,1,3
27,2,6,2,3,2,1,0,0,2
27,2,9,2,3,1,0,0,0,2
27,2,2,1,2,2,1,0,0,2
27,2,7,2,2,2,0,0,0,2
27,3,4,1,2,2,0,0,0,1
27,3,5,1,4,2,0,0,0,1
27,3,6,2,2,1,0,0,0,2
27,3,9,2,2,1,1,0,1,2
27,3,2,1,2,2,0,0,1,2
27,3,7,2,3,2,0,1,0,2
27,4,4,1,2,1,0,0,0,2
27,4,5,1,4,2,0,0,0,2
27,4,6,2,3,1,0,0,0,2
27,4,9,2,2,1,0,0,1,1
27,4,2,1,2,1,1,1,0,2
27,4,7,2,2,1,0,1,0,2
27,5,4,1,2,3,0,0,1,1
27,5,5,1,4,2,0,0,0,2
27,5,6,2,2,3,0,0,0,2
27,5,9,2,3,1,0,0,0,1
27,5,2,1,2,2,1,1,0,1
27,5,7,2,2,2,0,1,1,2
27,6,4,1,4,2,0,0,0,2
27,6,5,1,4,2,0,0,0,2
27,6,6,2,2,2,0,0,0,2
27,6,9,2,2,1,0,0,1,1
27,6,2,1,2,1,0,1,0,1
27,6,7,2,2,2,0,0,0,2
27,7,4,1,3,2,1,0,0,2
27,7,5,1,4,2,0,0,0,2
27,7,6,2,2,2,0,0,0,2
27,7,9,2,3,2,1,0,0,2
27,7,2,1,2,2,1,1,0,2
27,7,7,2,1,2,0,1,0,2
27,8,4,1,3,3,0,0,1,3
27,8,5,1,3,2,0,0,1,3
27,8,6,2,3,2,0,0,0,2
27,8,9,2,2,2,0,0,1,2
27,8,2,1,4,2,0,1,0,2
27,8,7,2,2,2,1,0,0,2
27,9,4,1,4,2,0,0,0,2
27,9,5,1,5,2,0,0,0,2
27,9,6,2,3,2,0,0,0,2
27,9,9,2,3,2,0,0,1,2
27,9,2,1,2,2,0,1,0,2
27,9,7,2,2,2,0,1,0,1
27,10,4,1,2,2,1,0,0,1
27,10,5,1,4,2,0,0,0,2
27,10,6,2,2,2,0,0,0,2
27,10,9,2,3,2,0,0,1,2
27,10,2,1,2,2,1,1,1,1
27,10,7,2,2,2,0,0,0,2
27,11,4,1,3,2,0,0,1,1
27,11,5,1,2,3,0,0,1,1
27,11,6,2,2,2,0,0,0,2
27,11,9,2,3,1,0,0,0,1
27,11,2,1,1,2,1,1,1,1
27,11,7,2,2,2,0,1,0,1
27,12,4,1,3,2,1,0,0,3
27,12,5,1,3,3,1,0,0,3
27,12,6,2,2,2,0,0,0,2
27,12,9,2,3,1,0,0,0,2
27,12,2,1,2,2,1,0,1,2
27,12,7,2,2,2,0,1,0,2
28,1,4,1,2,1,0,0,1,2
28,1,5,1,3,1,0,1,0,2
28,1,6,2,3,1,1,1,0,2
28,1,9,2,2,1,0,0,1,1
28,1,2,1,2,1,0,1,1,2
28,1,7,2,1,1,1,1,0,2
28,2,4,1,1,1,0,1,1,1
28,2,5,1,2,1,0,1,0,1
28,2,6,2,1,1,1,1,0,1
28,2,9,2,2,1,0,0,1,2
28,2,2,1,1,1,0,1,1,2
28,2,7,2,2,1,1,1,0,2
28,3,4,1,2,1,0,0,0,1
28,3,5,1,2,2,0,0,1,1
28,3,6,2,2,1,1,1,1,1
28,3,9,2,2,1,0,0,1,2
28,3,2,1,1,1,0,1,1,2
28,3,7,2,1,1,1,1,0,2
28,4,4,1,3,3,0,0,0,1
28,4,5,1,4,2,0,0,0,2
28,4,6,2,2,2,0,0,0,2
28,4,9,2,3,1,0,0,0,2
28,4,2,1,2,2,0,1,0,1
28,4,7,2,2,2,0,1,0,2
28,5,4,1,2,1,1,0,0,1
28,5,5,1,2,1,1,0,1,1
28,5,6,2,1,1,1,1,0,1
28,5,9,2,2,1,0,1,1,1
28,5,2,1,2,1,0,1,1,2
28,5,7,2,2,1,0,1,1,2
28,6,4,1,3,2,0,0,0,2
28,6,5,1,4,2,0,0,0,2
28,6,6,2,2,2,0,0,0,1
28,6,9,2,2,1,0,1,1,2
28,6,2,1,2,2,0,1,1,2
28,6,7,2,2,2,0,0,0,2
28,7,4,1,3,2,0,0,0,1
28,7,5,1,4,2,0,0,0,2
28,7,6,2,2,2,0,0,0,2
28,7,9,2,3,1,0,0,1,2
28,7,2,1,2,2,0,1,1,2
28,7,7,2,2,2,0,1,0,2
28,8,4,1,3,2,1,0,0,3
28,8,5,1,2,1,0,1,0,2
28,8,6,2,3,2,0,0,0,2
28,8,9,2,2,1,0,0,1,2
28,8,2,1,2,1,0,1,1,1
28,8,7,2,2,2,0,0,0,2
28,9,4,1,4,2,0,0,0,1
28,9,5,1,5,2,0,0,0,2
28,9,6,2,2,3,0,0,0,2
28,9,9,2,3,2,0,0,0,1
28,9,2,1,3,2,0,1,0,1
28,9,7,2,2,2,0,1,0,2
28,10,4,1,4,2,0,0,0,2
28,10,5,1,3,2,0,0,1,1
28,10,6,2,3,2,0,0,0,2
28,10,9,2,3,1,0,0,0,2
28,10,2,1,2,2,0,1,0,2
28,10,7,2,3,2,0,0,0,2
28,11,4,1,2,3,0,1,1,1
28,11,5,1,3,2,0,0,0,2
28,11,6,2,2,2,0,1,0,1
28,11,9,2,2,1,0,0,1,2
28,11,2,1,2,2,0,1,0,1
28,11,7,2,2,2,0,1,0,2
28,12,4,1,4,2,0,0,0,2
28,12,5,1,3,1,0,0,0,2
28,12,6,2,2,1,0,0,0,1
28,12,9,2,2,1,0,1,0,3
28,12,2,1,2,1,0,1,0,2
28,12,7,2,2,2,0,1,0,2
28,13,4,1,2,2,0,0,1,2
28,13,5,1,2,1,1,0,0,1
28,13,6,2,2,1,0,1,1,1
28,13,9,2,2,1,0,0,1,2
28,13,2,1,2,1,0,1,1,2
28,13,7,2,2,2,1,0,0,2
28,14,4,1,3,2,0,0,1,2
28,14,5,1,2,1,0,0,1,1
28,14,6,2,2,2,0,0,0,2
28,14,9,2,2,1,0,0,0,2
28,14,2,1,2,2,0,1,1,2
28,14,7,2,3,2,0,0,0,2
28,15,4,1,2,1,0,0,0,1
28,15,5,1,2,2,0,1,0,1
28,15,6,2,2,1,0,1,1,1
28,15,9,2,2,1,0,0,0,1
28,15,2,1,2,1,0,1,0,2
28,15,7,2,2,2,1,1,0,2
30,1,4,1,3,1,1,0,1,2
30,1,5,1,4,2,0,0,0,2
30,1,6,2,4,2,0,0,0,2
30,1,9,2,2,1,0,0,1,2
30,1,2,1,3,2,0,1,0,2
30,1,7,2,2,2,0,0,0,2
30,2,4,1,4,2,1,0,0,2
30,2,5,1,4,2,0,0,0,2
30,2,6,2,3,2,0,0,0,2
30,2,9,2,2,1,0,0,1,3
30,2,2,1,3,2,0,1,0,2
30,2,7,2,3,2,0,0,0,2
30,3,4,1,3,2,1,0,1,2
30,3,5,1,5,2,0,0,0,2
30,3,6,2,2,1,0,0,0,2
30,3,9,2,2,1,0,0,1,2
30,3,2,1,2,1,1,1,1,2
30,3,7,2,3,2,0,1,0,2
30,4,4,1,3,1,0,1,1,3
30,4,5,1,2,2,1,0,0,1
30,4,6,2,3,2,0,0,0,2
30,4,9,2,2,1,0,0,1,3
30,4,2,1,2,1,1,1,1,2
30,4,7,2,2,2,0,1,0,2
30,5,4,1,3,3,0,0,0,2
30,5,5,1,3,3,0,0,1,2
30,5,6,2,2,3,0,0,0,2
30,5,9,2,2,1,0,0,1,3
30,5,2,1,2,2,1,1,1,2
30,5,7,2,3,2,0,0,0,2
30,6,4,1,4,2,0,0,0,2
30,6,5,1,2,3,1,0,0,3
30,6,6,2,3,2,0,0,0,2
30,6,9,2,2,1,0,0,1,3
30,6,2,1,2,2,0,1,0,2
30,6,7,2,3,2,0,0,0,2
30,7,4,1,4,2,0,1,0,3
30,7,5,1,3,1,1,0,0,2
30,7,6,2,3,2,0,0,0,2
30,7,9,2,2,1,0,1,1,3
30,7,2,1,2,2,0,1,0,2
30,7,7,2,3,2,0,1,0,2
30,8,4,1,4,2,0,0,0,2
30,8,5,1,3,2,0,0,1,2
30,8,6,2,3,2,0,0,0,2
30,8,9,2,2,2,0,0,1,2
30,8,2,1,3,2,0,0,0,2
30,8,7,2,3,2,0,0,0,2
30,9,4,1,2,1,1,0,0,2
30,9,5,1,2,1,1,1,0,2
30,9,6,2,3,1,0,0,0,2
30,9,9,2,1,1,0,1,1,3
30,9,2,1,2,1,0,1,1,2
30,9,7,2,3,1,0,1,0,2
30,10,4,1,4,2,0,0,0,2
30,10,5,1,2,2,1,1,0,2
30,10,6,2,3,2,0,0,0,2
30,10,9,2,1,1,0,1,1,3
30,10,2,1,1,1,1,1,1,2
30,10,7,2,3,2,0,1,0,2
30,11,4,1,2,1,0,0,0,2
30,11,5,1,3,2,0,1,0,2
30,11,6,2,2,1,1,1,0,2
30,11,9,2,1,1,1,0,1,3
30,11,2,1,2,1,1,0,1,3
30,11,7,2,2,2,0,1,0,2
31,1,4,1,3,1,0,0,0,2
31,1,5,1,4,2,0,0,0,2
31,1,6,2,3,2,0,0,0,2
31,1,9,2,3,1,0,0,0,2
31,1,2,1,3,2,0,0,0,2
31,1,7,2,2,2,0,1,0,2
31,2,4,1,3,2,0,0,1,3
31,2,5,1,2,2,0,0,0,3
31,2,6,2,3,2,0,0,0,2
31,2,9,2,2,1,0,1,1,3
31,2,2,1,2,2,0,1,1,2
31,2,7,2,3,2,0,0,0,2
31,3,4,1,3,1,0,1,0,2
31,3,5,1,2,2,1,0,0,2
31,3,6,2,3,2,0,0,0,2
31,3,9,2,2,1,0,1,1,3
31,3,2,1,3,2,1,0,0,2
31,3,7,2,3,2,0,0,0,2
31,4,4,1,3,1,1,0,0,2
31,4,5,1,2,2,0,1,0,2
31,4,6,2,3,2,0,0,0,2
31,4,9,2,1,1,1,1,1,3
31,4,2,1,1,1,1,1,1,2
31,4,7,2,2,2,0,0,0,2
31,5,4,1,3,1,1,0,0,3
31,5,5,1,3,2,1,0,0,2
31,5,6,2,4,2,0,0,0,2
31,5,9,2,1,1,1,1,1,3
31,5,2,1,3,1,0,0,1,2
31,5,7,2,2,2,0,0,1,2
31,6,4,1,3,2,0,0,1,2
31,6,5,1,3,2,0,0,1,2
31,6,6,2,3,2,0,0,0,2
31,6,9,2,2,1,0,1,1,2
31,6,2,1,2,2,0,1,1,2
31,6,7,2,2,2,0,0,1,2
31,7,4,1,2,1,1,0,0,1
31,7,5,1,2,2,1,0,1,3
31,7,6,2,3,2,0,0,0,2
31,7,9,2,1,1,0,1,1,3
31,7,2,1,1,2,1,1,1,2
31,7,7,2,2,2,0,0,1,2
31,8,4,1,2,1,1,0,1,2
31,8,5,1,4,2,0,0,0,2
31,8,6,2,3,2,1,0,0,2
31,8,9,2,1,1,0,1,1,3
31,8,2,1,2,2,1,1,1,2
31,8,7,2,3,1,0,0,1,2
31,9,4,1,4,2,0,0,0,2
31,9,5,1,3,2,0,1,0,2
31,9,6,2,3,2,0,0,0,2
31,9,9,2,1,1,0,0,1,2
31,9,2,1,2,2,1,1,1,2
31,9,7,2,3,2,0,0,0,2
32,1,4,1,3,2,0,1,0,2
32,1,5,1,1,1,1,0,1,1
32,1,6,2,3,2,0,0,0,2
32,1,9,2,2,2,0,0,1,3
32,1,2,1,1,1,1,1,1,2
32,1,7,2,1,2,1,1,0,2
32,2,4,1,4,3,0,0,0,2
32,2,5,1,5,3,0,0,0,2
32,2,6,2,4,2,0,0,0,2
32,2,9,2,4,3,0,0,0,2
32,2,2,1,4,3,0,1,0,2
32,2,7,2,3,2,0,0,0,2
32,3,4,1,3,3,0,1,0,2
32,3,5,1,2,2,0,0,1,2
32,3,6,2,3,2,0,0,0,2
32,3,9,2,2,2,0,0,0,1
32,3,2,1,2,2,1,0,1,2
32,3,7,2,3,2,0,0,0,2
32,4,4,1,4,2,0,0,0,2
32,4,5,1,5,2,0,0,0,2
32,4,6,2,2,2,0,0,0,2
32,4,9,2,2,2,0,0,1,1
32,4,2,1,2,2,1,1,1,2
32,4,7,2,3,2,0,0,0,2
32,5,4,1,3,1,0,1,1,2
32,5,5,1,3,2,1,0,0,1
32,5,6,2,3,2,0,1,0,2
32,5,9,2,2,1,0,1,1,3
32,5,2,1,1,2,0,0,0,3
32,5,7,2,3,2,0,1,0,2
32,6,4,1,3,3,0,0,0,1
32,6,5,1,2,2,0,0,1,1
32,6,6,2,2,3,0,0,0,2
32,6,9,2,3,2,0,0,0,1
32,6,2,1,2,2,0,1,0,1
32,6,7,2,2,2,0,1,0,1
32,7,4,1,3,2,0,0,1,2
32,7,5,1,2,3,1,0,0,3
32,7,6,2,3,2,0,0,0,2
32,7,9,2,3,2,0,0,1,1
32,7,2,1,2,2,0,1,0,2
32,7,7,2,2,2,1,1,0,2
32,8,4,1,3,3,0,0,0,1
32,8,5,1,2,2,1,0,0,2
32,8,6,2,3,2,0,0,0,2
32,8,9,2,2,1,0,1,1,1
32,8,2,1,1,3,0,1,1,2
32,8,7,2,3,3,0,1,0,2
32,9,4,1,3,1,1,0,0,2
32,9,5,1,3,3,0,0,0,1
32,9,6,2,2,3,0,1,0,2
32,9,9,2,2,1,0,0,1,2
32,9,2,1,1,1,1,1,1,2
32,9,7,2,2,2,0,1,1,2
32,10,4,1,2,3,0,1,0,1
32,10,5,1,2,3,1,0,0,1
32,10,6,2,2,3,0,0,0,1
32,10,9,2,2,1,0,1,0,1
32,10,2,1,2,2,0,1,0,1
32,10,7,2,1,3,0,0,0,1
33,1,4,1,3,1,1,0,0,2
33,1,5,1,3,2,1,0,0,1
33,1,6,2,3,1,0,1,0,2
33,1,9,2,2,1,0,0,1,2
33,1,2,1,2,2,0,1,1,2
33,1,7,2,2,2,1,0,0,2
33,2,4,1,2,2,0,1,0,1
33,2,5,1,2,2,0,1,0,1
33,2,6,2,2,2,1,0,0,2
33,2,9,2,2,1,0,0,1,2
33,2,2,1,2,2,0,1,1,1
33,2,7,2,2,3,0,1,0,2
33,3,4,1,2,3,0,1,1,3
33,3,5,1,4,2,0,0,0,2
33,3,6,2,2,2,0,0,0,2
33,3,9,2,3,1,0,0,1,3
33,3,2,1,1,2,0,0,1,1
33,3,7,2,2,2,1,1,0,2
33,4,4,1,3,2,0,0,1,2
33,4,5,1,3,3,0,1,0,3
33,4,6,2,1,2,0,0,0,1
33,4,9,2,3,1,0,0,1,3
33,4,2,1,2,2,1,0,1,2
33,4,7,2,2,2,0,1,0,2
33,5,4,1,3,3,0,0,1,3
33,5,5,1,4,2,0,0,0,2
33,5,6,2,3,2,0,0,0,2
33,5,9,2,3,1,0,0,1,2
33,5,2,1,2,2,0,0,1,1
33,5,7,2,2,2,1,1,0,2
33,6,4,1,4,2,0,0,0,2
33,6,5,1,2,3,1,0,0,2
33,6,6,2,3,2,0,0,0,2
33,6,9,2,2,1,0,0,1,3
33,6,2,1,2,1,0,0,1,2
33,6,7,2,2,2,1,1,0,2
33,7,4,1,2,2,1,0,0,2
33,7,5,1,3,3,1,0,0,2
33,7,6,2,2,1,1,1,0,2
33,7,9,2,1,1,1,0,1,3
33,7,2,1,3,2,0,1,0,2
33,7,7,2,2,2,1,0,0,1
33,8,4,1,3,2,0,0,0,2
33,8,5,1,3,2,1,0,0,1
33,8,6,2,2,2,1,0,0,2
33,8,9,2,2,2,1,0,1,3
33,8,2,1,3,2,0,0,1,2
33,8,7,2,1,3,0,0,1,1
33,9,4,1,3,3,0,0,1,3
33,9,5,1,3,3,0,0,0,3
33,9,6,2,3,2,0,0,0,2
33,9,9,2,2,1,1,0,1,3
33,9,2,1,2,2,0,1,0,3
33,9,7,2,2,3,1,0,0,2
33,10,4,1,3,3,0,1,0,3
33,10,5,1,5,2,0,0,0,2
33,10,6,2,4,2,0,0,0,2
33,10,9,2,2,1,0,0,0,3
33,10,2,1,2,2,0,1,1,2
33,10,7,2,3,2,0,0,0,2
33,11,4,1,4,2,0,0,1,2
33,11,5,1,3,2,0,0,0,2
33,11,6,2,3,2,0,0,0,2
33,11,9,2,2,1,0,0,1,2
33,11,2,1,2,2,0,1,1,3
33,11,7,2,3,2,0,1,0,2
33,12,4,1,2,3,0,1,0,3
33,12,5,1,3,3,1,0,0,2
33,12,6,2,3,2,0,0,0,2
33,12,9,2,2,1,0,0,0,3
33,12,2,1,2,2,0,1,1,3
33,12,7,2,3,2,1,0,0,2
33,13,4,1,3,2,1,0,0,2
33,13,5,1,4,2,0,0,0,2
33,13,6,2,3,2,0,0,0,2
33,13,9,2,2,2,0,0,0,3
33,13,2,1,2,2,0,0,0,3
33,13,7,2,2,3,0,0,1,2
33,14,4,1,3,3,0,1,0,3
33,14,5,1,4,3,0,0,0,2
33,14,6,2,3,2,0,0,0,2
33,14,9,2,3,2,0,0,1,2
33,14,2,1,3,2,0,1,0,2
33,14,7,2,2,2,1,0,0,1
33,15,4,1,3,3,0,0,1,3
33,15,5,1,4,3,0,0,1,2
33,15,6,2,3,2,0,0,0,2
33,15,9,2,3,1,0,0,1,2
33,15,2,1,2,2,0,1,1,2
33,15,7,2,3,2,0,0,0,2
34,1,4,1,2,2,0,0,0,1
34,1,5,1,3,2,0,0,0,1
34,1,6,2,1,2,0,0,0,1
34,1,9,2,2,1,0,0,0,1
34,1,2,1,1,1,0,1,0,1
34,1,7,2,1,1,1,1,1,1
34,2,4,1,3,1,0,0,1,1
34,2,5,1,3,1,0,1,0,1
34,2,6,2,2,2,0,0,0,1
34,2,9,2,1,1,0,0,1,1
34,2,2,1,1,1,0,1,1,1
34,2,7,2,1,1,1,1,0,1
34,3,4,1,3,3,0,0,0,2
34,3,5,1,3,1,0,0,0,1
34,3,6,2,3,2,0,0,0,2
34,3,9,2,2,1,0,0,0,1
34,3,2,1,2,2,0,1,1,1
34,3,7,2,2,2,1,0,0,2
34,4,4,1,4,2,0,0,0,2
34,4,5,1,3,2,0,0,0,2
34,4,6,2,3,2,0,0,0,2
34,4,9,2,1,1,0,0,1,1
34,4,2,1,2,2,0,1,1,2
34,4,7,2,1,2,1,1,0,1
34,5,4,1,1,1,0,0,1,1
34,5,5,1,2,1,0,0,0,1
34,5,6,2,1,1,1,0,0,1
34,5,9,2,1,1,0,1,1,1
34,5,2,1,1,1,1,1,1,1
34,5,7,2,1,1,1,0,0,1
34,6,4,1,3,1,0,0,1,2
34,6,5,1,2,1,0,0,1,1
34,6,6,2,2,1,0,1,1,1
34,6,9,2,2,1,0,0,1,1
34,6,2,1,2,2,0,1,1,1
34,6,7,2,2,2,0,1,0,1
34,7,4,1,3,1,0,0,1,2
34,7,5,1,4,1,0,0,0,2
34,7,6,2,3,1,0,0,0,1
34,7,9,2,1,1,0,1,1,1
34,7,2,1,1,1,1,1,1,2
34,7,7,2,2,1,1,0,0,1
34,8,4,1,2,2,0,1,0,1
34,8,5,1,3,2,0,0,1,1
34,8,6,2,3,2,0,0,0,2
34,8,9,2,2,1,0,0,0,1
34,8,2,1,2,1,0,1,1,1
34,8,7,2,2,2,1,0,0,2
34,9,4,1,4,2,0,0,0,1
34,9,5,1,3,2,0,0,0,1
34,9,6,2,2,2,0,0,1,1
34,9,9,2,2,1,0,0,1,1
34,9,2,1,1,1,0,1,1,2
34,9,7,2,1,1,0,1,0,1
34,10,4,1,4,2,0,0,0,2
34,10,5,1,2,2,1,0,0,1
34,10,6,2,3,2,0,1,0,2
34,10,9,2,2,1,0,0,1,1
34,10,2,1,2,2,0,1,0,1
34,10,7,2,1,2,0,1,1,1
34,11,4,1,3,2,0,1,1,1
34,11,5,1,4,2,0,0,0,2
34,11,6,2,2,2,1,0,0,1
34,11,9,2,2,1,0,0,0,2
34,11,2,1,3,2,0,1,0,1
34,11,7,2,2,2,0,1,0,2
34,12,4,1,2,1,0,0,1,1
34,12,5,1,2,1,0,0,0,1
34,12,6,2,2,1,0,0,0,1
34,12,9,2,1,1,0,0,1,1
34,12,2,1,1,1,0,1,0,1
34,12,7,2,1,1,1,1,0,1
34,13,4,1,3,2,1,0,0,2
34,13,5,1,3,2,0,1,0,2
34,13,6,2,3,2,0,0,0,2
34,13,9,2,1,1,0,1,1,1
34,13,2,1,2,1,0,1,1,2
34,13,7,2,2,2,0,0,0,2
34,14,4,1,2,1,0,1,0,2
34,14,5,1,4,1,0,0,0,2
34,14,6,2,2,2,0,0,0,1
34,14,9,2,1,1,0,1,0,1
34,14,2,1,2,1,0,1,0,2
34,14,7,2,2,1,0,1,0,1
35,1,4,1,3,2,1,0,1,1
35,1,5,1,3,2,1,0,0,2
35,1,6,2,1,2,0,0,0,1
35,1,9,2,3,1,1,0,0,2
35,1,2,1,2,2,1,0,0,1
35,1,7,2,1,2,1,1,0,1
35,2,4,1,1,1,1,0,0,1
35,2,5,1,3,2,1,0,0,2
35,2,6,2,2,2,0,0,0,2
35,2,9,2,2,1,0,0,0,1
35,2,2,1,2,1,1,0,0,2
35,2,7,2,1,1,0,1,0,1
35,3,4,1,2,2,1,0,1,1
35,3,5,1,2,1,0,0,0,1
35,3,6,2,1,2,0,0,0,2
35,3,9,2,2,1,0,0,0,1
35,3,2,1,1,1,1,1,1,1
35,3,7,2,1,1,1,1,1,1
35,4,4,1,2,3,1,0,0,1
35,4,5,1,3,2,0,0,1,1
35,4,6,2,1,2,0,1,1,2
35,4,9,2,2,1,1,0,0,1
35,4,2,1,2,2,1,1,0,1
35,4,7,2,1,2,1,1,0,1
35,5,4,1,2,2,1,0,0,1
35,5,5,1,2,2,0,0,0,1
35,5,6,2,1,2,0,0,0,2
35,5,9,2,1,1,1,0,0,1
35,5,2,1,1,1,1,1,0,1
35,5,7,2,1,2,0,1,1,1
35,6,4,1,4,2,0,0,0,1
35,6,5,1,3,2,0,0,0,1
35,6,6,2,2,2,0,0,0,2
35,6,9,2,3,1,0,0,0,2
35,6,2,1,3,2,0,1,0,1
35,6,7,2,1,2,1,1,0,1
35,7,4,1,1,2,0,1,0,1
35,7,5,1,5,2,0,0,0,2
35,7,6,2,2,2,0,0,0,2
35,7,9,2,2,1,0,0,1,1
35,7,2,1,1,1,1,0,0,1
35,7,7,2,1,2,0,1,0,1
35,8,4,1,1,3,1,0,1,1
35,8,5,1,2,1,0,0,1,1
35,8,6,2,2,2,0,0,0,2
35,8,9,2,2,1,0,0,1,2
35,8,2,1,2,2,1,1,0,2
35,8,7,2,1,2,1,1,0,1
35,9,4,1,3,2,0,1,0,1
35,9,5,1,3,2,0,0,1,2
35,9,6,2,2,2,0,0,0,2
35,9,9,2,3,2,0,0,1,2
35,9,2,1,2,2,1,1,0,1
35,9,7,2,1,2,1,0,0,1
35,10,4,1,2,2,0,0,1,1
35,10,5,1,2,2,0,1,0,1
35,10,6,2,1,2,0,0,0,2
35,10,9,2,2,1,1,0,1,1
35,10,2,1,1,2,1,1,0,1
35,10,7,2,1,2,1,0,0,1
35,11,4,1,1,1,1,1,0,1
35,11,5,1,2,1,0,0,1,1
35,11,6,2,1,2,0,0,0,2
35,11,9,2,2,1,1,0,0,1
35,11,2,1,1,1,1,0,0,1
35,11,7,2,1,2,1,1,0,1
35,12,4,1,1,3,1,0,1,1
35,12,5,1,2,2,0,0,0,1
35,12,6,2,1,2,0,0,0,2
35,12,9,2,3,2,1,0,0,2
35,12,2,1,1,2,1,1,1,1
35,12,7,2,1,1,0,1,1,1
35,13,4,1,1,1,1,0,0,1
35,13,5,1,3,2,0,0,1,1
35,13,6,2,1,2,0,0,0,2
35,13,9,2,3,1,1,0,0,2
35,13,2,1,1,2,1,1,1,1
35,13,7,2,1,2,1,1,1,1
35,14,4,1,2,2,0,0,0,1
35,14,5,1,3,1,0,0,0,2
35,14,6,2,2,2,0,0,0,2
35,14,9,2,2,1,1,0,1,2
35,14,2,1,1,2,1,1,0,1
35,14,7,2,1,2,1,1,0,1
35,15,4,1,3,3,0,0,0,1
35,15,5,1,4,2,0,0,0,2
35,15,6,2,3,2,0,0,0,2
35,15,9,2,2,1,0,0,1,2
35,15,2,1,2,2,1,1,1,2
35,15,7,2,2,2,1,0,0,2
35,16,4,1,3,2,1,0,0,1
35,16,5,1,3,2,0,0,0,1
35,16,6,2,2,2,0,0,0,2
35,16,9,2,3,2,0,0,1,1
35,16,2,1,1,1,1,1,0,1
35,16,7,2,1,1,0,1,0,1
35,17,4,1,2,2,1,0,0,1
35,17,5,1,3,2,0,0,1,1
35,17,6,2,2,2,0,0,0,2
35,17,9,2,2,2,0,0,1,1
35,17,2,1,2,2,1,0,0,2
35,17,7,2,1,3,1,1,0,1
35,18,4,1,4,2,0,0,0,2
35,18,5,1,3,2,0,1,0,1
35,18,6,2,3,2,0,0,0,2
35,18,9,2,3,2,1,0,0,2
35,18,2,1,3,2,1,1,0,1
35,18,7,2,1,3,0,1,0,1
36,1,4,1,3,3,0,0,0,2
36,1,5,1,3,2,0,0,1,1
36,1,6,2,3,2,0,0,0,1
36,1,9,2,2,1,0,0,1,1
36,1,2,1,2,2,0,1,1,1
36,1,7,2,2,2,0,1,0,2
36,2,4,1,4,3,0,0,0,2
36,2,5,1,5,2,0,0,0,2
36,2,6,2,4,2,0,0,0,2
36,2,9,2,4,2,0,0,1,2
36,2,2,1,4,2,0,0,0,2
36,2,7,2,3,2,0,0,0,2
36,3,4,1,3,3,0,0,0,2
36,3,5,1,4,2,0,0,0,2
36,3,6,2,5,2,0,0,0,2
36,3,9,2,3,2,0,0,1,2
36,3,2,1,4,2,0,1,0,2
36,3,7,2,3,2,1,1,0,2
36,4,4,1,3,1,1,0,1,2
36,4,5,1,3,2,0,0,1,2
36,4,6,2,3,2,0,0,0,2
36,4,9,2,2,1,0,1,1,2
36,4,2,1,2,1,0,0,1,2
36,4,7,2,2,2,0,1,0,2
36,5,4,1,3,2,0,0,0,2
36,5,5,1,3,3,0,0,0,2
36,5,6,2,4,2,0,0,0,2
36,5,9,2,4,3,0,0,0,3
36,5,2,1,2,2,0,1,1,1
36,5,7,2,2,2,0,1,0,2
36,6,4,1,1,3,0,0,0,1
36,6,5,1,4,2,0,0,0,1
36,6,6,2,2,2,0,0,0,2
36,6,9,2,2,2,0,0,1,2
36,6,2,1,1,2,0,1,1,1
36,6,7,2,2,3,0,1,0,1
36,7,4,1,2,3,0,0,0,1
36,7,5,1,2,3,1,0,0,1
36,7,6,2,2,2,0,0,0,2
36,7,9,2,3,2,0,0,0,1
36,7,2,1,3,3,0,0,0,1
36,7,7,2,1,3,1,1,0,1
36,8,4,1,3,3,0,0,0,1
36,8,5,1,4,2,0,0,0,2
36,8,6,2,2,3,0,0,0,2
36,8,9,2,3,2,0,0,0,1
36,8,2,1,2,2,0,0,1,1
36,8,7,2,1,3,0,1,0,1
36,9,4,1,3,3,0,0,0,1
36,9,5,1,4,2,0,0,0,1
36,9,6,2,2,3,0,0,0,2
36,9,9,2,2,1,0,0,1,1
36,9,2,1,2,2,0,1,0,1
36,9,7,2,1,3,0,1,0,1
36,10,4,1,3,3,0,0,0,1
36,10,5,1,2,2,1,0,0,1
36,10,6,2,3,3,0,0,0,2
36,10,9,2,3,2,0,0,0,1
36,10,2,1,1,2,0,1,1,1
36,10,7,2,1,2,1,1,1,1
36,11,4,1,4,3,0,0,0,2
36,11,5,1,4,2,0,0,0,3
36,11,6,2,4,2,0,0,0,2
36,11,9,2,3,2,0,0,0,3
36,11,2,1,2,2,1,1,1,3
36,11,7,2,2,3,1,1,0,1
36,12,4,1,3,3,0,0,1,1
36,12,5,1,3,3,0,0,1,2
36,12,6,2,3,2,0,0,0,2
36,12,9,2,2,1,0,0,1,2
36,12,2,1,2,2,0,1,1,2
36,12,7,2,1,2,0,1,0,1
36,13,4,1,3,3,0,0,0,3
36,13,5,1,3,3,0,0,1,1
36,13,6,2,3,2,0,0,0,2
36,13,9,2,2,2,0,0,1,1
36,13,2,1,2,2,0,1,1,2
36,13,7,2,1,3,1,1,0,1
36,14,4,1,3,3,0,0,0,2
36,14,5,1,2,3,1,0,0,3
36,14,6,2,3,2,0,0,0,3
36,14,9,2,2,1,0,1,1,2
36,14,2,1,3,2,0,1,0,2
36,14,7,2,2,3,1,0,0,1
36,15,4,1,3,3,0,0,0,2
36,15,5,1,2,3,1,0,0,1
36,15,6,2,3,2,0,1,0,2
36,15,9,2,2,1,0,0,1,1
36,15,2,1,2,2,0,1,1,2
36,15,7,2,1,3,1,1,0,1
37,1,4,1,3,2,0,0,1,3
37,1,5,1,4,2,0,0,1,2
37,1,6,2,5,2,0,0,0,2
37,1,9,2,3,2,0,0,1,2
37,1,2,1,4,2,1,0,0,2
37,1,7,2,3,2,0,0,0,2
37,3,4,1,3,2,0,0,0,2
37,3,5,1,5,2,0,0,0,2
37,3,6,2,5,2,0,0,0,2
37,3,9,2,4,1,0,0,1,2
37,3,2,1,4,2,1,0,0,2
37,3,7,2,3,2,0,0,0,2
37,4,4,1,4,2,0,0,0,2
37,4,5,1,5,2,0,0,0,2
37,4,6,2,4,2,0,0,0,2
37,4,9,2,5,2,0,0,0,2
37,4,2,1,5,2,0,0,0,2
37,4,7,2,2,3,0,1,0,2
37,5,4,1,4,2,0,1,0,2
37,5,5,1,5,2,0,0,0,2
37,5,6,2,4,2,0,0,0,2
37,5,9,2,5,2,0,0,0,2
37,5,2,1,5,2,0,0,0,2
37,5,7,2,2,3,1,0,0,2
37,6,4,1,3,1,0,0,1,3
37,6,5,1,3,2,0,0,0,3
37,6,6,2,4,2,0,0,0,2
37,6,9,2,4,2,0,0,0,3
37,6,2,1,5,2,0,0,0,2
37,6,7,2,2,2,0,0,0,2
37,7,4,1,3,2,0,0,0,2
37,7,5,1,5,2,0,0,0,2
37,7,6,2,4,2,0,0,0,2
37,7,9,2,5,2,0,0,0,2
37,7,2,1,3,2,0,0,0,1
37,7,7,2,2,2,0,1,0,1
37,8,4,1,3,3,0,0,0,2
37,8,5,1,3,3,0,0,0,1
37,8,6,2,3,2,0,0,0,2
37,8,9,2,5,2,0,0,0,2
37,8,2,1,3,2,0,0,0,1
37,8,7,2,1,3,1,1,0,1
37,9,4,1,2,3,0,0,0,1
37,9,5,1,3,2,0,0,1,1
37,9,6,2,2,2,0,0,0,2
37,9,9,2,4,2,0,0,0,1
37,9,2,1,4,2,0,0,0,2
37,9,7,2,1,2,1,1,0,1
37,10,4,1,4,2,0,0,0,2
37,10,5,1,4,2,0,0,0,2
37,10,6,2,4,2,0,0,0,2
37,10,9,2,4,1,0,0,0,2
37,10,2,1,4,2,0,0,0,2
37,10,7,2,2,2,1,1,0,2
37,11,4,1,4,2,0,0,0,2
37,11,5,1,4,3,0,0,0,2
37,11,6,2,4,2,0,0,0,2
37,11,9,2,5,2,0,0,0,2
37,11,2,1,4,2,0,0,1,2
37,11,7,2,3,2,1,1,0,2
37,12,4,1,3,3,0,0,0,1
37,12,5,1,4,3,0,0,0,2
37,12,6,2,4,2,0,0,0,2
37,12,9,2,4,2,0,0,0,1
37,12,2,1,3,2,0,0,0,2
37,12,7,2,2,2,0,1,0,2
37,13,4,1,3,3,0,0,0,1
37,13,5,1,5,2,0,0,0,2
37,13,6,2,5,2,0,0,0,2
37,13,9,2,5,2,0,0,0,2
37,13,2,1,5,2,0,0,0,2
37,13,7,2,3,2,0,0,0,2
37,14,4,1,4,2,0,0,0,2
37,14,5,1,4,2,0,0,0,2
37,14,6,2,5,2,0,0,0,2
37,14,9,2,3,1,0,0,1,2
37,14,2,1,5,2,0,0,0,2
37,14,7,2,3,2,0,1,0,2
37,15,4,1,4,3,0,0,0,2
37,15,5,1,3,3,0,0,0,2
37,15,6,2,4,2,0,0,0,2
37,15,9,2,5,2,0,0,0,2
37,15,2,1,4,2,0,0,0,2
37,15,7,2,2,2,0,1,0,2
38,1,4,1,3,2,0,0,0,2
38,1,10,2,1,1,1,1,1,1
38,1,5,1,4,2,0,0,0,2
38,1,6,2,3,2,0,0,0,1
38,1,3,1,2,2,0,0,1,2
38,1,7,2,1,3,1,1,0,2
38,2,4,1,2,1,0,0,1,2
38,2,10,2,2,1,0,1,1,1
38,2,5,1,3,2,0,0,0,1
38,2,6,2,4,2,0,0,0,2
38,2,3,1,4,2,0,0,0,2
38,2,7,2,2,2,1,0,0,2
38,3,4,1,3,2,0,0,1,1
38,3,10,2,1,1,0,1,1,1
38,3,5,1,4,2,0,0,0,2
38,3,6,2,4,2,0,0,0,2
38,3,3,1,4,2,0,0,0,2
38,3,7,2,2,2,1,1,0,2
38,4,4,1,4,2,0,0,0,2
38,4,10,2,3,2,0,1,0,2
38,4,5,1,2,1,0,0,0,1
38,4,6,2,5,2,0,0,0,2
38,4,3,1,4,2,0,0,0,2
38,4,7,2,2,2,0,1,0,1
38,5,4,1,4,2,0,0,0,2
38,5,10,2,2,2,0,1,0,1
38,5,5,1,4,2,0,0,0,1
38,5,6,2,4,2,0,0,0,2
38,5,3,1,3,2,0,0,0,2
38,5,7,2,2,2,0,1,0,1
38,7,4,1,2,3,0,0,0,1
38,7,10,2,2,2,0,1,0,1
38,7,5,1,2,1,0,1,0,1
38,7,6,2,2,2,0,0,0,1
38,7,3,1,4,2,0,0,0,2
38,7,7,2,1,3,0,1,0,1
38,8,4,1,3,2,0,0,0,1
38,8,10,2,2,1,0,1,0,1
38,8,5,1,2,2,1,0,0,2
38,8,6,2,3,2,0,0,0,1
38,8,3,1,4,2,0,0,0,2
38,8,7,2,1,2,0,1,1,1
38,9,4,1,2,2,0,0,0,1
38,9,10,2,4,2,0,0,0,2
38,9,5,1,4,2,0,0,0,2
38,9,6,2,3,2,0,0,0,1
38,9,3,1,3,2,0,0,1,1
38,9,7,2,2,3,0,1,0,2
38,10,4,1,4,3,0,0,0,2
38,10,10,2,3,2,0,0,0,1
38,10,5,1,3,3,1,0,0,3
38,10,6,2,3,3,0,0,0,1
38,10,3,1,2,2,0,0,1,1
38,10,7,2,2,2,0,1,0,1
38,11,4,1,2,3,1,0,0,1
38,11,10,2,3,2,0,0,1,2
38,11,5,1,3,3,0,0,0,1
38,11,6,2,1,1,0,0,0,1
38,11,3,1,2,2,0,0,1,1
38,11,7,2,1,2,1,1,0,1
38,12,4,1,3,1,0,0,0,1
38,12,10,2,2,2,0,1,1,3
38,12,5,1,2,3,1,0,0,1
38,12,6,2,2,2,0,0,0,1
38,12,3,1,1,2,0,0,0,1
38,12,7,2,1,2,0,1,1,1
38,13,4,1,4,2,0,0,0,1
38,13,10,2,2,1,0,1,1,3
38,13,5,1,3,2,0,0,0,1
38,13,6,2,2,2,0,0,0,1
38,13,3,1,3,3,0,0,0,1
38,13,7,2,1,2,0,1,0,1
38,14,4,1,2,3,0,0,1,1
38,14,10,2,2,2,0,1,1,2
38,14,5,1,2,1,0,0,0,1
38,14,6,2,2,2,0,0,0,1
38,14,3,1,3,2,0,0,0,1
38,14,7,2,1,2,1,1,0,1
38,15,4,1,3,3,0,0,0,1
38,15,10,2,2,2,0,1,1,2
38,15,5,1,3,2,0,0,0,1
38,15,6,2,2,2,0,0,0,1
38,15,3,1,4,2,0,0,0,1
38,15,7,2,1,2,1,0,0,1
38,16,4,1,2,3,0,0,1,1
38,16,10,2,1,1,0,1,1,3
38,16,5,1,4,2,0,0,0,2
38,16,6,2,2,2,0,0,0,1
38,16,3,1,2,2,0,0,1,2
38,16,7,2,2,2,0,1,0,2
39,1,4,1,3,1,0,0,1,2
39,1,10,2,1,1,1,1,1,1
39,1,5,1,2,1,0,0,1,1
39,1,6,2,2,1,1,1,0,1
39,1,3,1,3,1,0,0,0,2
39,1,7,2,1,1,1,1,1,1
39,2,4,1,3,2,0,0,0,1
39,2,10,2,3,2,0,1,0,1
39,2,5,1,2,1,1,0,0,1
39,2,6,2,2,2,1,0,0,1
39,2,3,1,4,3,0,0,0,2
39,2,7,2,1,1,0,1,0,1
39,3,4,1,2,1,0,1,1,1
39,3,10,2,2,1,1,1,0,2
39,3,5,1,1,1,1,0,1,1
39,3,6,2,3,2,0,1,0,2
39,3,3,1,3,2,0,0,1,2
39,3,7,2,2,1,1,1,0,2
39,4,4,1,3,2,0,0,1,1
39,4,10,2,3,2,1,0,0,2
39,4,5,1,2,1,1,0,0,1
39,4,6,2,3,2,0,0,0,2
39,4,3,1,5,2,0,0,0,2
39,4,7,2,1,2,0,1,0,1
39,5,4,1,4,2,0,0,0,2
39,5,10,2,3,2,1,0,0,2
39,5,5,1,3,2,0,0,0,1
39,5,6,2,4,2,0,0,0,2
39,5,3,1,3,2,0,0,0,2
39,5,7,2,1,2,1,0,0,1
39,6,4,1,2,2,0,1,1,1
39,6,10,2,2,2,0,1,0,1
39,6,5,1,3,2,0,0,0,1
39,6,6,2,4,2,0,0,0,2
39,6,3,1,3,2,0,0,1,2
39,6,7,2,1,2,1,1,0,1
39,7,4,1,3,2,0,0,0,1
39,7,10,2,1,1,0,1,1,1
39,7,5,1,3,1,0,0,0,1
39,7,6,2,3,2,0,0,0,2
39,7,3,1,2,2,0,0,1,1
39,7,7,2,1,2,0,1,0,1
39,8,4,1,3,2,0,0,1,1
39,8,10,2,1,2,0,1,1,1
39,8,5,1,4,2,0,0,0,2
39,8,6,2,2,2,0,0,0,1
39,8,3,1,4,2,0,0,1,2
39,8,7,2,1,1,0,1,0,1
39,9,4,1,3,2,0,0,0,1
39,9,10,2,2,2,0,1,0,2
39,9,5,1,4,1,1,0,0,1
39,9,6,2,3,2,0,0,0,2
39,9,3,1,5,2,0,0,0,2
39,9,7,2,2,2,0,1,0,2
39,10,4,1,4,2,0,0,0,2
39,10,10,2,3,2,0,1,0,2
39,10,5,1,2,1,0,1,0,1
39,10,6,2,4,2,0,0,0,2
39,10,3,1,5,2,0,0,0,2
39,10,7,2,2,2,0,1,0,2
39,11,4,1,3,2,0,0,0,1
39,11,10,2,2,2,0,0,1,1
39,11,5,1,3,2,0,0,0,1
39,11,6,2,3,2,0,0,0,2
39,11,3,1,3,2,0,0,0,1
39,11,7,2,1,2,0,1,0,1
40,1,4,1,4,2,0,0,0,2
40,1,10,2,4,2,0,0,0,2
40,1,5,1,3,2,0,0,1,2
40,1,6,2,4,2,0,0,0,2
40,1,3,1,5,2,0,0,0,2
40,1,7,2,2,2,0,1,0,2
40,2,4,1,5,2,0,0,0,2
40,2,10,2,4,2,0,0,0,2
40,2,5,1,5,2,0,0,0,1
40,2,6,2,3,2,0,0,0,2
40,2,3,1,5,2,0,0,0,2
40,2,7,2,2,2,0,0,0,2
40,3,4,1,4,2,0,0,0,2
40,3,10,2,4,2,0,0,0,2
40,3,5,1,2,1,0,0,1,1
40,3,6,2,4,2,0,0,0,2
40,3,3,1,4,2,0,0,0,1
40,3,7,2,2,2,0,1,0,2
40,4,4,1,4,2,0,0,0,1
40,4,10,2,3,2,0,0,0,1
40,4,5,1,3,2,0,1,0,2
40,4,6,2,3,2,0,0,0,2
40,4,3,1,4,2,0,0,0,1
40,4,7,2,1,2,1,1,0,1
40,5,4,1,5,2,0,0,0,2
40,5,10,2,4,2,0,0,0,2
40,5,5,1,3,2,0,0,0,1
40,5,6,2,2,2,0,0,0,2
40,5,3,1,4,2,0,0,0,1
40,5,7,2,1,2,1,1,0,1
40,6,4,1,2,2,0,0,0,1
40,6,10,2,2,2,0,0,1,1
40,6,5,1,1,1,0,0,1,1
40,6,6,2,2,2,0,0,0,1
40,6,3,1,2,2,0,0,0,1
40,6,7,2,1,2,1,1,0,1
40,7,4,1,2,2,0,0,1,1
40,7,10,2,2,1,1,1,0,1
40,7,5,1,3,2,0,0,0,1
40,7,6,2,2,2,0,1,0,1
40,7,3,1,3,2,0,0,1,1
40,7,7,2,1,1,0,1,0,1
40,8,4,1,1,2,0,0,0,1
40,8,10,2,2,2,0,0,1,1
40,8,5,1,4,2,0,0,0,2
40,8,6,2,2,2,0,0,0,1
40,8,3,1,2,2,0,0,0,1
40,8,7,2,1,1,1,1,0,1
40,9,4,1,4,2,0,0,0,1
40,9,10,2,2,2,1,0,0,1
40,9,5,1,4,2,0,0,0,2
40,9,6,2,2,2,0,0,0,2
40,9,3,1,3,2,0,0,0,1
40,9,7,2,1,2,0,1,1,1
40,10,4,1,4,2,0,0,0,1
40,10,10,2,2,2,1,0,0,1
40,10,5,1,5,2,0,0,0,2
40,10,6,2,2,2,0,0,0,2
40,10,3,1,2,2,0,0,0,1
40,10,7,2,2,2,0,1,0,1
40,11,4,1,2,2,0,0,0,1
40,11,10,2,1,1,1,0,1,1
40,11,5,1,2,2,0,0,1,1
40,11,6,2,2,2,0,1,0,1
40,11,3,1,2,2,0,0,1,1
40,11,7,2,1,1,0,1,1,1
40,12,4,1,1,1,0,1,1,1
40,12,10,2,1,1,1,1,1,1
40,12,5,1,2,1,0,0,0,1
40,12,6,2,1,1,0,1,0,1
40,12,3,1,1,2,0,0,1,1
40,12,7,2,1,1,0,1,0,1
40,13,4,1,4,2,0,0,0,3
40,13,10,2,1,1,1,0,1,1
40,13,5,1,4,2,0,0,0,2
40,13,6,2,3,2,0,1,0,2
40,13,3,1,3,2,0,0,1,1
40,13,7,2,1,2,1,0,0,1
40,14,4,1,4,2,0,0,0,2
40,14,10,2,3,2,0,0,1,3
40,14,5,1,3,2,0,0,0,1
40,14,6,2,4,2,0,0,0,2
40,14,3,1,4,2,0,0,1,2
40,14,7,2,2,2,0,0,0,1
40,15,4,1,2,3,0,0,0,1
40,15,10,2,3,2,0,0,0,1
40,15,5,1,3,2,0,0,1,1
40,15,6,2,2,2,0,0,0,1
40,15,3,1,4,2,0,0,0,1
40,15,7,2,1,1,0,1,1,1
40,16,4,1,4,2,0,0,1,2
40,16,10,2,2,1,0,1,0,1
40,16,5,1,4,2,0,0,0,2
40,16,6,2,3,2,0,0,0,2
40,16,3,1,5,2,0,0,0,2
40,16,7,2,2,2,0,1,0,2
40,17,4,1,4,2,0,0,0,2
40,17,10,2,3,2,0,1,0,2
40,17,5,1,5,2,0,0,0,2
40,17,6,2,3,2,0,0,0,2
40,17,3,1,4,2,0,0,0,2
40,17,7,2,3,1,0,1,0,2
40,18,4,1,2,2,0,0,1,1
40,18,10,2,1,1,1,1,1,1
40,18,5,1,3,2,0,0,0,1
40,18,6,2,2,2,0,0,0,1
40,18,3,1,2,2,0,0,1,2
40,18,7,2,1,2,0,1,0,1
40,19,4,1,2,2,0,0,0,1
40,19,10,2,1,1,0,0,1,1
40,19,5,1,3,2,0,0,1,1
40,19,6,2,2,2,0,0,0,2
40,19,3,1,2,2,0,0,1,1
40,19,7,2,1,2,0,1,0,1
40,20,4,1,1,3,0,0,1,1
40,20,10,2,2,2,0,0,1,1
40,20,5,1,5,2,0,0,0,2
40,20,6,2,2,2,0,0,0,2
40,20,3,1,2,2,0,0,1,1
40,20,7,2,1,1,1,0,0,1
41,1,4,1,4,2,0,0,0,2
41,1,10,2,1,1,0,0,1,3
41,1,5,1,4,2,0,0,0,2
41,1,6,2,4,2,0,0,0,2
41,1,3,1,4,2,0,0,0,3
41,1,7,2,2,2,0,1,0,2
41,2,4,1,4,2,0,0,0,2
41,2,10,2,3,2,0,0,0,2
41,2,5,1,3,2,0,0,1,2
41,2,6,2,5,2,0,0,0,2
41,2,3,1,5,2,0,0,0,2
41,2,7,2,3,2,0,0,0,2
41,3,4,1,3,2,0,1,0,3
41,3,10,2,2,2,0,1,0,3
41,3,5,1,5,2,0,0,0,2
41,3,6,2,5,2,0,0,0,2
41,3,3,1,3,2,0,1,0,3
41,3,7,2,4,2,0,0,0,2
41,4,4,1,3,3,0,0,0,2
41,4,10,2,2,2,1,1,0,3
41,4,5,1,3,2,0,0,1,2
41,4,6,2,4,2,0,0,0,2
41,4,3,1,4,2,0,1,0,2
41,4,7,2,3,2,0,0,0,2
41,5,4,1,4,2,0,0,0,2
41,5,10,2,2,2,1,1,0,3
41,5,5,1,2,3,1,1,0,3
41,5,6,2,4,2,0,0,0,2
41,5,3,1,5,2,0,0,0,3
41,5,7,2,4,2,0,0,0,2
41,6,4,1,3,3,0,0,0,2
41,6,10,2,4,2,0,1,0,2
41,6,5,1,5,2,0,0,0,2
41,6,6,2,4,2,0,0,0,2
41,6,3,1,3,3,0,1,0,2
41,6,7,2,4,2,0,0,0,2
41,7,4,1,3,2,0,0,0,3
41,7,10,2,1,1,0,1,1,2
41,7,5,1,4,2,0,0,0,3
41,7,6,2,3,2,0,0,0,2
41,7,3,1,4,2,0,0,1,2
41,7,7,2,3,2,0,0,0,2
41,8,4,1,3,2,1,1,0,3
41,8,10,2,2,1,0,1,0,2
41,8,5,1,3,3,0,0,1,3
41,8,6,2,3,2,0,0,0,2
41,8,3,1,2,2,0,0,0,3
41,8,7,2,4,2,0,0,0,2
41,9,4,1,3,2,0,0,0,2
41,9,10,2,2,2,0,1,1,2
41,9,5,1,3,1,0,0,0,1
41,9,6,2,2,2,0,1,0,2
41,9,3,1,4,3,0,1,0,2
41,9,7,2,2,2,0,1,0,2
41,10,4,1,2,2,0,0,0,1
41,10,10,2,1,2,0,1,1,1
41,10,5,1,3,3,0,1,0,2
41,10,6,2,1,2,0,1,0,1
41,10,3,1,1,3,0,1,1,3
41,10,7,2,1,2,1,1,0,1
41,11,4,1,3,2,0,0,0,1
41,11,10,2,1,1,0,1,1,3
41,11,5,1,4,2,0,0,0,2
41,11,6,2,3,2,0,0,0,2
41,11,3,1,2,2,0,1,0,3
41,11,7,2,1,2,0,1,0,1
41,12,4,1,4,2,0,0,0,2
41,12,10,2,3,2,0,1,0,2
41,12,5,1,4,2,0,0,0,2
41,12,6,2,3,2,0,0,0,2
41,12,3,1,3,2,0,1,0,2
41,12,7,2,2,2,0,1,1,1
41,13,4,1,3,3,0,1,0,1
41,13,10,2,2,2,0,1,1,3
41,13,5,1,4,2,0,0,0,2
41,13,6,2,3,2,0,0,0,2
41,13,3,1,4,2,0,1,0,2
41,13,7,2,2,2,0,1,0,1
41,14,4,1,2,2,0,0,1,1
41,14,10,2,1,3,0,1,1,2
41,14,5,1,3,3,0,0,0,1
41,14,6,2,3,2,0,0,0,2
41,14,3,1,3,1,0,0,1,2
41,14,7,2,2,2,1,0,0,1
41,15,4,1,3,2,0,1,1,1
41,15,10,2,2,2,0,1,0,3
41,15,5,1,3,3,0,0,1,2
41,15,6,2,3,2,0,0,0,2
41,15,3,1,3,2,0,1,0,3
41,15,7,2,1,2,0,1,0,1
44,1,4,1,3,3,0,0,1,1
44,1,10,2,4,2,0,0,0,2
44,1,5,1,3,2,0,0,1,1
44,1,6,2,3,2,0,0,0,2
44,1,3,1,3,2,0,1,0,2
44,1,7,2,3,2,0,0,0,2
44,2,4,1,4,2,0,0,0,2
44,2,10,2,3,2,0,0,1,2
44,2,5,1,5,2,0,0,0,2
44,2,6,2,4,2,0,0,0,2
44,2,3,1,4,2,0,1,0,2
44,2,7,2,3,2,0,0,0,2
44,3,4,1,3,3,0,1,0,1
44,3,10,2,5,2,0,0,0,2
44,3,5,1,5,2,0,0,0,2
44,3,6,2,3,3,0,0,0,2
44,3,3,1,2,2,1,0,0,1
44,3,7,2,3,2,0,1,0,2
44,4,4,1,4,2,0,0,0,2
44,4,10,2,5,2,0,0,0,2
44,4,5,1,5,2,0,0,0,2
44,4,6,2,3,2,0,0,0,2
44,4,3,1,5,2,0,0,0,2
44,4,7,2,2,3,0,1,0,1
44,5,4,1,3,3,0,0,0,2
44,5,10,2,5,2,0,0,0,2
44,5,5,1,5,2,0,0,0,2
44,5,6,2,4,2,0,0,0,3
44,5,3,1,4,2,0,0,0,2
44,5,7,2,3,3,0,1,0,2
44,6,4,1,4,2,0,0,0,2
44,6,10,2,3,2,0,0,0,1
44,6,5,1,3,2,0,0,0,1
44,6,6,2,3,2,0,0,0,2
44,6,3,1,2,2,0,1,0,1
44,6,7,2,3,2,1,0,0,2
44,7,4,1,2,3,0,0,0,1
44,7,10,2,3,2,0,0,0,1
44,7,5,1,3,1,0,0,0,1
44,7,6,2,2,2,0,0,0,1
44,7,3,1,3,2,0,0,0,1
44,7,7,2,2,2,0,1,0,1
44,8,4,1,2,2,1,0,0,1
44,8,10,2,3,2,0,0,0,1
44,8,5,1,3,2,0,0,1,1
44,8,6,2,2,2,0,0,0,1
44,8,3,1,3,2,0,1,0,1
44,8,7,2,1,2,1,1,0,1
44,9,4,1,2,2,0,0,1,1
44,9,10,2,4,2,0,0,0,2
44,9,5,1,3,3,0,0,1,1
44,9,6,2,3,2,0,0,0,2
44,9,3,1,3,2,0,1,0,1
44,9,7,2,2,2,0,1,0,2
44,10,4,1,4,2,0,0,0,2
44,10,10,2,4,2,0,0,0,2
44,10,5,1,4,2,0,0,0,2
44,10,6,2,4,2,0,0,0,2
44,10,3,1,4,3,0,1,0,2
44,10,7,2,3,2,0,0,0,2
44,11,4,1,4,2,0,0,0,2
44,11,10,2,4,2,0,0,0,2
44,11,5,1,4,2,0,0,0,2
44,11,6,2,4,2,0,1,0,2
44,11,3,1,4,2,0,1,0,2
44,11,7,2,3,2,0,0,0,2
44,12,4,1,4,2,0,1,0,2
44,12,10,2,5,2,0,0,0,2
44,12,5,1,4,2,0,0,0,2
44,12,6,2,5,2,0,0,0,2
44,12,3,1,4,2,0,1,0,2
44,12,7,2,4,2,0,0,0,2
44,13,4,1,4,2,0,0,0,2
44,13,10,2,4,2,0,0,0,2
44,13,5,1,4,2,0,0,0,2
44,13,6,2,3,2,0,0,0,2
44,13,3,1,3,2,0,1,0,1
44,13,7,2,2,2,0,1,0,1
44,14,4,1,4,2,0,0,0,2
44,14,10,2,4,2,0,0,0,2
44,14,5,1,5,2,0,0,0,2
44,14,6,2,4,2,0,0,0,2
44,14,3,1,3,2,0,1,0,2
44,14,7,2,3,2,0,0,1,2
44,15,4,1,4,2,0,0,0,2
44,15,10,2,4,2,0,0,0,2
44,15,5,1,3,2,0,0,1,2
44,15,6,2,5,2,0,0,0,2
44,15,3,1,4,2,0,1,0,2
44,15,7,2,4,2,0,0,0,2
44,16,4,1,4,2,0,0,0,2
44,16,10,2,5,2,0,0,0,2
44,16,5,1,3,2,0,0,0,1
44,16,6,2,3,2,0,0,0,2
44,16,3,1,3,2,0,1,0,1
44,16,7,2,2,2,0,1,0,1
44,17,4,1,4,3,0,0,0,2
44,17,10,2,4,2,0,0,0,2
44,17,5,1,5,2,0,0,0,2
44,17,6,2,3,2,0,0,0,2
44,17,3,1,3,3,1,0,0,2
44,17,7,2,2,2,0,1,0,2
44,18,4,1,3,2,0,0,0,1
44,18,10,2,2,3,0,0,1,1
44,18,5,1,4,2,0,0,0,2
44,18,6,2,3,2,0,0,0,1
44,18,3,1,3,2,0,0,1,2
44,18,7,2,3,2,0,1,0,2
45,1,4,1,4,2,0,0,0,2
45,1,10,2,2,1,1,0,0,2
45,1,5,1,2,1,0,1,0,1
45,1,6,2,3,2,1,1,0,2
45,1,3,1,3,2,1,0,0,2
45,1,7,2,2,2,0,1,0,2
45,2,4,1,2,2,0,0,1,1
45,2,10,2,2,2,1,1,0,2
45,2,5,1,4,2,0,0,0,1
45,2,6,2,2,2,1,0,0,1
45,2,3,1,2,2,1,1,0,2
45,2,7,2,2,2,0,1,0,2
45,3,4,1,4,2,0,0,0,2
45,3,10,2,2,2,1,1,0,2
45,3,5,1,5,2,0,0,0,2
45,3,6,2,4,2,0,0,0,2
45,3,3,1,4,2,1,0,0,2
45,3,7,2,3,2,0,0,0,2
45,4,4,1,3,2,1,0,0,3
45,4,10,2,2,2,0,1,0,2
45,4,5,1,3,2,0,0,1,3
45,4,6,2,2,2,0,0,0,2
45,4,3,1,2,2,1,0,0,2
45,4,7,2,3,2,0,1,0,2
45,5,4,1,3,3,0,0,0,1
45,5,10,2,3,2,0,1,0,2
45,5,5,1,4,2,0,0,0,1
45,5,6,2,2,3,0,0,0,2
45,5,3,1,4,2,0,0,1,2
45,5,7,2,2,3,0,1,0,2
45,6,4,1,3,1,0,0,0,2
45,6,10,2,2,2,1,1,0,2
45,6,5,1,4,2,0,0,0,2
45,6,6,2,2,3,0,1,0,2
45,6,3,1,3,3,0,0,0,3
45,6,7,2,3,2,0,0,0,2
45,7,4,1,4,2,0,0,0,2
45,7,10,2,3,2,0,1,0,2
45,7,5,1,5,2,0,0,0,2
45,7,6,2,5,2,0,0,0,2
45,7,3,1,4,2,1,0,0,2
45,7,7,2,4,2,0,0,0,2
45,8,4,1,4,2,0,0,0,2
45,8,10,2,2,2,1,1,0,2
45,8,5,1,5,2,0,0,0,2
45,8,6,2,3,2,0,0,0,2
45,8,3,1,4,2,0,1,0,2
45,8,7,2,3,2,0,0,0,2
45,9,4,1,3,2,0,1,0,2
45,9,10,2,2,2,1,1,0,2
45,9,5,1,5,2,0,0,0,2
45,9,6,2,4,2,1,0,0,2
45,9,3,1,5,2,0,0,0,2
45,9,7,2,4,2,0,1,0,2
45,10,4,1,5,2,0,0,0,2
45,10,10,2,1,3,1,1,0,2
45,10,5,1,4,3,0,0,0,2
45,10,6,2,3,2,0,0,0,2
45,10,3,1,3,3,0,0,0,3
45,10,7,2,4,2,1,0,0,2
45,11,4,1,4,3,0,0,0,2
45,11,10,2,2,2,1,1,0,2
45,11,5,1,4,2,0,0,0,2
45,11,6,2,4,2,0,0,0,2
45,11,3,1,4,2,0,0,0,2
45,11,7,2,4,2,0,1,0,2
45,12,4,1,4,3,0,0,0,2
45,12,10,2,3,2,1,0,0,2
45,12,5,1,4,2,0,0,0,2
45,12,6,2,3,2,0,0,0,2
45,12,3,1,3,3,1,0,1,2
45,12,7,2,4,2,0,1,0,2
45,13,4,1,3,3,0,0,1,2
45,13,10,2,3,2,1,0,0,2
45,13,5,1,2,3,1,0,0,3
45,13,6,2,4,2,0,0,0,2
45,13,3,1,2,3,1,0,0,2
45,13,7,2,4,2,1,0,0,2
45,14,4,1,3,2,1,0,0,2
45,14,10,2,3,2,1,0,0,2
45,14,5,1,3,2,1,0,0,2
45,14,6,2,3,2,0,0,0,2
45,14,3,1,2,2,1,0,0,1
45,14,7,2,2,2,0,1,0,1
45,15,4,1,2,3,0,0,0,1
45,15,10,2,3,2,1,0,0,2
45,15,5,1,4,2,0,0,0,1
45,15,6,2,3,2,0,0,0,2
45,15,3,1,2,3,1,0,0,2
45,15,7,2,2,2,0,1,0,1
46,1,4,1,3,1,0,0,1,3
46,1,10,2,3,2,0,0,0,3
46,1,5,1,4,2,0,0,0,2
46,1,6,2,3,1,0,0,0,2
46,1,3,1,4,2,0,0,0,3
46,1,7,2,3,2,0,1,0,2
46,2,4,1,4,2,0,0,1,2
46,2,10,2,3,1,0,0,0,2
46,2,5,1,4,1,0,0,0,2
46,2,6,2,3,1,0,0,0,2
46,2,3,1,5,2,0,0,0,2
46,2,7,2,3,2,0,1,0,2
46,3,4,1,5,2,0,0,0,2
46,3,10,2,4,2,0,0,0,2
46,3,5,1,5,2,0,0,0,2
46,3,6,2,3,2,0,0,0,2
46,3,3,1,5,2,0,0,0,2
46,3,7,2,3,2,0,0,0,2
46,4,4,1,4,2,0,0,0,2
46,4,10,2,4,2,0,0,0,2
46,4,5,1,4,2,0,0,0,2
46,4,6,2,3,2,0,0,0,2
46,4,3,1,5,2,0,0,0,2
46,4,7,2,3,2,0,0,0,2
46,5,4,1,4,2,0,0,0,2
46,5,10,2,3,2,0,1,0,2
46,5,5,1,4,2,0,0,0,2
46,5,6,2,2,2,0,0,0,2
46,5,3,1,4,2,0,0,0,2
46,5,7,2,2,2,0,1,0,2
46,6,4,1,4,2,0,0,0,2
46,6,10,2,3,2,0,1,0,2
46,6,5,1,3,2,0,1,0,1
46,6,6,2,3,2,0,0,0,2
46,6,3,1,4,2,1,0,0,2
46,6,7,2,2,2,0,1,0,2
46,7,4,1,2,1,0,0,1,1
46,7,10,2,2,1,0,1,1,1
46,7,5,1,1,1,1,0,1,1
46,7,6,2,2,1,0,1,0,2
46,7,3,1,2,1,1,0,0,1
46,7,7,2,2,1,1,1,0,2
46,8,4,1,3,2,0,0,1,3
46,8,10,2,3,1,0,0,0,2
46,8,5,1,4,2,0,0,0,2
46,8,6,2,3,2,0,0,0,2
46,8,3,1,5,2,0,0,0,2
46,8,7,2,3,2,0,1,0,2
46,9,4,1,3,1,0,1,0,2
46,9,10,2,3,1,0,1,0,2
46,9,5,1,2,1,0,1,0,2
46,9,6,2,3,1,1,1,0,2
46,9,3,1,4,2,0,1,0,2
46,9,7,2,4,2,0,0,1,2
46,10,4,1,3,2,0,0,0,2
46,10,10,2,2,2,0,1,0,2
46,10,5,1,5,2,0,0,0,2
46,10,6,2,4,2,0,0,0,2
46,10,3,1,5,2,0,0,0,2
46,10,7,2,4,2,0,0,0,2
46,11,4,1,4,2,0,0,0,2
46,11,10,2,3,2,0,1,0,2
46,11,5,1,3,3,0,0,1,2
46,11,6,2,4,2,0,0,0,2
46,11,3,1,5,2,0,0,0,2
46,11,7,2,4,2,0,0,0,2
47,1,4,1,4,2,0,0,0,2
47,1,10,2,2,2,0,0,1,3
47,1,5,1,3,2,0,1,0,1
47,1,6,2,3,1,0,0,0,1
47,1,3,1,3,2,1,0,0,2
47,1,7,2,2,2,0,1,0,1
47,2,4,1,2,1,0,0,1,1
47,2,10,2,1,1,0,0,1,3
47,2,5,1,3,1,0,0,0,1
47,2,6,2,2,1,0,1,0,1
47,2,3,1,2,1,0,0,0,1
47,2,7,2,1,2,0,0,0,1
47,3,4,1,4,1,0,0,0,2
47,3,10,2,2,2,0,0,1,2
47,3,5,1,2,1,0,0,1,1
47,3,6,2,3,1,0,0,0,2
47,3,3,1,4,2,1,1,0,2
47,3,7,2,1,2,1,1,0,1
47,4,4,1,2,1,0,0,1,1
47,4,10,2,1,2,0,0,1,2
47,4,5,1,2,1,0,0,1,1
47,4,6,2,3,2,0,0,0,1
47,4,3,1,2,2,1,0,1,2
47,4,7,2,3,2,0,0,0,2
47,5,4,1,3,2,0,0,0,2
47,5,10,2,1,2,0,1,1,2
47,5,5,1,1,1,1,0,0,1
47,5,6,2,3,1,0,0,0,1
47,5,3,1,3,2,1,0,0,2
47,5,7,2,2,2,0,1,0,2
47,6,4,1,3,1,0,0,0,2
47,6,10,2,1,1,0,1,1,2
47,6,5,1,3,1,1,0,0,1
47,6,6,2,3,1,0,0,0,1
47,6,3,1,3,1,1,0,0,2
47,6,7,2,3,2,0,1,0,2
47,7,4,1,4,2,0,0,0,2
47,7,10,2,2,2,0,0,1,3
47,7,5,1,3,2,0,0,1,1
47,7,6,2,3,1,0,0,0,1
47,7,3,1,4,2,0,0,0,2
47,7,7,2,2,2,0,1,0,1
47,8,4,1,4,2,0,0,0,2
47,8,10,2,2,1,0,1,0,1
47,8,5,1,3,2,0,0,0,1
47,8,6,2,3,2,0,0,0,2
47,8,3,1,4,2,1,0,0,2
47,8,7,2,2,1,1,1,0,2
47,9,4,1,3,2,0,0,1,2
47,9,10,2,1,1,0,1,1,2
47,9,5,1,4,2,0,0,0,2
47,9,6,2,3,2,0,0,0,2
47,9,3,1,4,2,0,0,0,2
47,9,7,2,2,2,0,1,0,2
47,10,4,1,2,2,0,0,0,2
47,10,10,2,1,1,0,1,1,2
47,10,5,1,2,2,0,0,1,1
47,10,6,2,3,2,0,0,0,1
47,10,3,1,3,2,1,0,1,2
47,10,7,2,3,2,0,1,0,2
47,11,4,1,3,1,0,0,0,2
47,11,10,2,2,1,0,1,0,2
47,11,5,1,1,1,0,0,1,1
47,11,6,2,4,2,0,0,0,2
47,11,3,1,4,2,1,0,0,2
47,11,7,2,3,2,0,0,0,2
48,1,4,1,3,1,0,0,0,2
48,1,10,2,3,1,0,0,0,2
48,1,5,1,4,1,0,0,0,1
48,1,6,2,3,1,0,0,0,2
48,1,3,1,4,1,0,0,0,2
48,1,7,2,2,1,1,1,0,2
48,2,4,1,3,1,0,0,0,2
48,2,10,2,3,1,0,0,0,2
48,2,5,1,4,1,0,0,0,1
48,2,6,2,4,1,0,0,0,2
48,2,3,1,4,1,0,0,0,2
48,2,7,2,3,1,1,1,0,2
48,3,4,1,4,1,0,0,0,2
48,3,10,2,3,1,0,0,0,2
48,3,5,1,4,1,0,0,0,2
48,3,6,2,4,1,0,0,0,2
48,3,3,1,4,1,0,0,0,2
48,3,7,2,3,1,0,1,0,2
48,4,4,1,3,1,0,0,0,2
48,4,10,2,3,1,0,0,0,2
48,4,5,1,3,1,0,0,0,1
48,4,6,2,3,1,0,0,0,2
48,4,3,1,2,1,0,0,0,1
48,4,7,2,3,2,0,0,0,2
48,5,4,1,4,1,0,0,0,1
48,5,10,2,3,1,0,0,0,2
48,5,5,1,3,1,0,0,0,1
48,5,6,2,4,1,0,0,0,2
48,5,3,1,4,1,0,0,0,2
48,5,7,2,3,2,0,0,0,2
48,6,4,1,4,1,0,0,0,2
48,6,10,2,3,1,0,0,0,2
48,6,5,1,4,1,0,0,0,2
48,6,6,2,4,1,0,0,0,2
48,6,3,1,4,1,0,0,0,2
48,6,7,2,3,2,0,0,1,2
48,7,4,1,3,1,0,0,0,2
48,7,10,2,3,1,0,0,0,2
48,7,5,1,4,1,0,0,0,2
48,7,6,2,4,1,0,0,0,2
48,7,3,1,5,2,0,0,0,2
48,7,7,2,4,2,0,0,0,2
48,8,4,1,3,1,0,0,0,2
48,8,10,2,3,1,0,0,0,2
48,8,5,1,4,1,0,0,0,1
48,8,6,2,4,1,0,0,0,2
48,8,3,1,4,1,0,0,0,2
48,8,7,2,4,2,0,0,0,2
48,9,4,1,2,1,0,0,0,1
48,9,10,2,3,1,0,0,0,2
48,9,5,1,2,1,0,0,0,1
48,9,6,2,3,1,0,0,0,2
48,9,3,1,3,1,0,0,0,1
48,9,7,2,3,2,0,0,0,2
48,10,4,1,3,1,0,0,0,2
48,10,10,2,3,1,0,0,0,2
48,10,5,1,5,1,0,0,0,2
48,10,6,2,3,2,0,0,0,2
48,10,3,1,4,1,0,0,0,2
48,10,7,2,3,1,0,0,0,2
48,11,4,1,4,1,0,0,0,2
48,11,10,2,3,1,0,0,0,2
48,11,5,1,5,1,0,0,0,2
48,11,6,2,3,2,0,0,0,2
48,11,3,1,5,2,0,0,0,2
48,11,7,2,4,2,0,0,0,2
48,12,4,1,3,1,0,0,0,1
48,12,10,2,3,1,0,0,0,2
48,12,5,1,3,1,0,0,0,1
48,12,6,2,2,2,0,0,0,1
48,12,3,1,3,1,0,0,0,1
48,12,7,2,3,2,0,1,0,2
48,13,4,1,4,1,0,0,0,2
48,13,10,2,3,1,0,0,0,2
48,13,5,1,5,2,0,0,0,2
48,13,6,2,3,2,0,0,0,2
48,13,3,1,4,1,0,0,0,1
48,13,7,2,3,2,0,0,0,2
48,14,4,1,3,1,0,1,0,1
48,14,10,2,3,1,0,0,0,2
48,14,5,1,1,1,0,0,1,1
48,14,6,2,1,1,0,0,0,1
48,14,3,1,2,1,0,0,0,1
48,14,7,2,2,2,0,0,0,1
49,1,4,1,3,1,0,0,0,2
49,1,10,2,3,1,0,0,0,2
49,1,5,1,4,1,0,0,0,2
49,1,6,2,4,1,0,0,0,2
49,1,3,1,5,2,0,0,0,2
49,1,7,2,3,2,0,1,0,2
49,2,4,1,2,2,0,0,1,1
49,2,10,2,3,2,0,0,0,2
49,2,5,1,5,2,0,0,0,2
49,2,6,2,3,2,0,0,0,2
49,2,3,1,4,2,0,0,0,2
49,2,7,2,3,2,0,1,0,2
49,3,4,1,4,2,0,0,0,2
49,3,10,2,4,2,0,0,0,2
49,3,5,1,5,2,0,0,0,2
49,3,6,2,4,2,0,0,0,2
49,3,3,1,5,2,0,0,0,2
49,3,7,2,4,2,0,0,0,2
49,4,4,1,4,2,0,0,0,1
49,4,10,2,4,2,0,0,0,2
49,4,5,1,2,2,0,0,0,1
49,4,6,2,2,3,0,0,0,1
49,4,3,1,3,2,0,0,0,1
49,4,7,2,2,2,0,1,1,1
49,5,4,1,4,2,0,1,0,2
49,5,10,2,5,2,0,0,0,2
49,5,5,1,4,2,0,0,0,2
49,5,6,2,3,2,0,0,0,2
49,5,3,1,5,2,0,0,0,2
49,5,7,2,3,2,0,0,0,2
49,6,4,1,3,2,0,0,0,2
49,6,10,2,5,2,0,0,0,2
49,6,5,1,4,2,0,0,0,2
49,6,6,2,3,2,0,0,0,2
49,6,3,1,5,2,0,0,0,2
49,6,7,2,4,2,0,0,0,2
49,7,4,1,4,2,0,0,0,2
49,7,10,2,5,2,0,0,0,2
49,7,5,1,5,2,0,0,0,2
49,7,6,2,3,2,0,0,0,2
49,7,3,1,5,2,0,0,0,2
49,7,7,2,4,2,0,0,0,2
49,8,4,1,4,2,0,0,0,2
49,8,10,2,4,2,0,0,1,2
49,8,5,1,5,2,0,0,0,2
49,8,6,2,3,2,0,0,0,2
49,8,3,1,4,2,1,0,0,2
49,8,7,2,4,2,0,0,0,2
49,9,4,1,3,2,0,1,0,2
49,9,10,2,4,2,0,0,0,2
49,9,5,1,3,2,0,0,1,2
49,9,6,2,3,2,0,0,0,2
49,9,3,1,5,2,0,0,0,2
49,9,7,2,4,2,0,0,0,2
49,10,4,1,3,2,0,0,0,1
49,10,10,2,5,2,0,0,0,2
49,10,5,1,4,2,0,0,0,2
49,10,6,2,2,2,0,0,0,1
49,10,3,1,4,2,0,0,0,2
49,10,7,2,2,2,1,1,0,1
49,11,4,1,3,2,0,0,0,1
49,11,10,2,5,2,0,0,0,2
49,11,5,1,4,2,1,0,0,2
49,11,6,2,2,2,0,0,0,1
49,11,3,1,2,2,0,0,0,1
49,11,7,2,3,2,0,1,0,2
49,12,4,1,3,3,0,0,1,1
49,12,10,2,4,2,0,0,0,2
49,12,5,1,5,2,0,0,0,1
49,12,6,2,2,2,0,0,0,1
49,12,3,1,5,2,0,0,0,2
49,12,7,2,3,2,0,0,0,2
49,13,4,1,2,2,1,1,0,1
49,13,10,2,4,2,0,0,0,2
49,13,5,1,4,2,0,0,0,2
49,13,6,2,3,2,0,0,0,2
49,13,3,1,4,2,0,0,0,1
49,13,7,2,4,2,0,0,0,2
50,1,4,1,4,1,0,0,0,2
50,1,10,2,3,1,0,0,0,2
50,1,5,1,4,1,0,0,0,2
50,1,6,2,4,1,0,0,0,2
50,1,3,1,5,2,0,0,0,2
50,1,7,2,4,2,0,0,0,2
50,2,4,1,4,2,0,0,0,2
50,2,10,2,3,1,0,0,0,2
50,2,5,1,3,1,0,0,0,1
50,2,6,2,3,1,0,0,0,2
50,2,3,1,5,2,0,0,0,2
50,2,7,2,4,2,0,0,0,2
50,3,4,1,3,1,0,0,0,2
50,3,10,2,2,1,0,1,0,2
50,3,5,1,3,1,0,1,0,2
50,3,6,2,4,2,0,0,0,2
50,3,3,1,4,1,0,1,0,2
50,3,7,2,5,1,0,0,0,2
50,4,4,1,4,2,0,0,0,2
50,4,10,2,3,1,0,0,0,2
50,4,5,1,4,2,0,0,1,2
50,4,6,2,4,2,0,0,0,2
50,4,3,1,5,2,0,0,0,2
50,4,7,2,3,2,0,0,0,2
50,5,4,1,4,1,0,1,0,3
50,5,10,2,4,1,0,0,0,2
50,5,5,1,4,1,0,0,0,2
50,5,6,2,4,1,0,0,0,2
50,5,3,1,5,2,0,0,0,2
50,5,7,2,4,2,0,0,0,2
50,6,4,1,4,1,0,0,0,2
50,6,10,2,4,1,0,0,0,2
50,6,5,1,3,1,0,0,0,2
50,6,6,2,4,2,0,0,0,2
50,6,3,1,5,2,0,0,0,2
50,6,7,2,5,2,0,0,0,2
50,7,4,1,4,2,0,0,0,2
50,7,10,2,4,1,0,0,0,2
50,7,5,1,5,2,0,0,0,2
50,7,6,2,5,2,0,0,0,2
50,7,3,1,5,2,0,0,0,2
50,7,7,2,5,2,0,0,0,2
50,8,4,1,3,1,0,0,0,2
50,8,10,2,4,1,0,0,0,2
50,8,5,1,3,1,0,0,1,2
50,8,6,2,4,2,0,0,0,2
50,8,3,1,4,2,0,0,1,2
50,8,7,2,5,2,0,0,0,2
50,9,4,1,3,1,0,0,1,3
50,9,10,2,3,1,0,0,1,2
50,9,5,1,4,2,0,0,0,2
50,9,6,2,3,2,0,0,0,1
50,9,3,1,4,2,0,0,0,1
50,9,7,2,4,2,0,0,0,2
50,10,4,1,2,1,0,0,0,1
50,10,10,2,3,1,0,0,1,2
50,10,5,1,3,1,0,0,0,1
50,10,6,2,2,2,0,0,0,1
50,10,3,1,3,1,0,0,1,2
50,10,7,2,4,1,0,0,0,2
50,11,4,1,3,2,0,0,1,1
50,11,10,2,2,1,1,0,1,2
50,11,5,1,2,1,1,0,0,1
50,11,6,2,3,2,0,0,0,2
50,11,3,1,3,1,0,0,1,2
50,11,7,2,4,1,0,0,0,2
51,1,4,1,3,1,0,1,0,3
51,1,10,2,3,1,0,0,0,2
51,1,5,1,3,1,1,0,0,2
51,1,6,2,3,1,0,0,0,2
51,1,3,1,4,1,0,1,0,2
51,1,7,2,4,2,0,0,0,2
51,2,4,1,4,2,0,0,0,2
51,2,10,2,4,1,0,0,0,2
51,2,5,1,3,1,0,0,0,1
51,2,6,2,3,1,0,0,0,2
51,2,3,1,4,1,0,0,0,2
51,2,7,2,4,2,0,0,0,2
51,3,4,1,2,1,1,1,0,1
51,3,10,2,2,1,0,1,1,2
51,3,5,1,1,1,0,1,0,1
51,3,6,2,1,1,0,0,0,1
51,3,3,1,2,1,0,1,1,2
51,3,7,2,2,1,1,1,0,2
51,4,4,1,4,2,0,0,0,2
51,4,10,2,3,1,0,0,1,1
51,4,5,1,4,1,0,0,0,2
51,4,6,2,3,2,0,0,0,2
51,4,3,1,4,2,0,0,0,2
51,4,7,2,4,2,0,0,0,2
51,5,4,1,3,1,0,0,0,2
51,5,10,2,3,1,0,0,0,2
51,5,5,1,2,1,0,0,1,3
51,5,6,2,3,2,0,0,0,2
51,5,3,1,4,2,0,0,0,2
51,5,7,2,4,2,0,0,0,2
51,6,4,1,3,2,0,0,0,1
51,6,10,2,2,1,0,0,1,1
51,6,5,1,2,1,0,0,1,1
51,6,6,2,2,2,0,0,0,1
51,6,3,1,2,2,0,0,0,1
51,6,7,2,3,2,0,1,0,2
51,7,4,1,4,2,0,0,0,1
51,7,10,2,3,1,0,0,0,2
51,7,5,1,3,1,0,0,0,2
51,7,6,2,3,2,0,0,0,2
51,7,3,1,4,1,0,0,0,2
51,7,7,2,3,2,0,0,0,2
51,8,4,1,3,2,0,0,0,2
51,8,10,2,4,1,0,0,0,2
51,8,5,1,5,1,0,0,0,2
51,8,6,2,4,2,0,0,0,2
51,8,3,1,5,2,0,0,0,2
51,8,7,2,5,2,0,0,0,2
51,9,4,1,4,2,0,0,0,2
51,9,10,2,3,1,0,1,0,2
51,9,5,1,3,1,0,1,0,2
51,9,6,2,4,2,0,0,0,2
51,9,3,1,4,2,0,1,0,2
51,9,7,2,4,2,0,0,0,2
51,10,4,1,5,2,0,0,0,2
51,10,10,2,4,1,0,0,0,2
51,10,5,1,3,1,0,0,1,1
51,10,6,2,4,2,0,0,0,2
51,10,3,1,5,2,0,0,0,2
51,10,7,2,5,2,0,0,0,2
51,11,4,1,4,2,0,0,0,1
51,11,10,2,4,1,0,0,0,2
51,11,5,1,4,2,0,0,0,2
51,11,6,2,2,2,0,0,0,2
51,11,3,1,3,2,0,0,0,1
51,11,7,2,4,2,0,0,0,2
51,12,4,1,3,1,0,0,0,2
51,12,10,2,2,1,0,0,1,3
51,12,5,1,3,1,0,0,0,1
51,12,6,2,2,2,0,0,0,1
51,12,3,1,4,1,0,0,0,2
51,12,7,2,4,2,0,0,0,2
51,13,4,1,4,2,0,1,0,2
51,13,10,2,3,1,0,0,0,1
51,13,5,1,4,1,0,0,0,2
51,13,6,2,2,2,0,0,1,2
51,13,3,1,3,2,0,0,0,1
51,13,7,2,3,2,0,0,0,2
51,14,4,1,3,1,0,0,0,2
51,14,10,2,4,1,0,0,0,2
51,14,5,1,3,2,1,0,0,2
51,14,6,2,3,2,0,0,0,2
51,14,3,1,5,2,0,0,0,2
51,14,7,2,4,2,0,0,0,2
51,15,4,1,3,1,0,0,0,1
51,15,10,2,4,1,0,0,0,2
51,15,5,1,4,1,0,0,0,1
51,15,6,2,2,2,0,0,1,1
51,15,3,1,3,2,1,0,0,1
51,15,7,2,3,2,0,0,0,2
51,16,4,1,3,1,0,0,0,1
51,16,10,2,3,1,0,0,1,2
51,16,5,1,3,2,0,0,0,2
51,16,6,2,2,2,0,0,1,2
51,16,3,1,4,2,0,0,0,2
51,16,7,2,4,2,0,0,0,2
52,1,4,1,2,2,0,1,0,2
52,1,10,2,4,1,0,0,0,2
52,1,5,1,3,1,1,0,0,1
52,1,6,2,3,2,0,0,0,2
52,1,3,1,4,2,1,0,0,2
52,1,7,2,4,2,0,0,0,2
52,2,4,1,3,2,0,0,0,1
52,2,10,2,5,2,0,0,0,2
52,2,5,1,4,1,0,0,0,2
52,2,6,2,3,2,0,0,0,2
52,2,3,1,2,2,0,1,0,1
52,2,7,2,4,2,0,0,0,2
52,3,4,1,3,2,0,0,0,1
52,3,10,2,4,2,0,0,1,2
52,3,5,1,4,2,0,0,0,1
52,3,6,2,2,3,0,0,0,2
52,3,3,1,2,2,0,0,0,1
52,3,7,2,2,2,1,1,0,2
52,4,4,1,3,2,0,0,0,1
52,4,10,2,4,2,0,1,0,2
52,4,5,1,3,2,0,0,0,1
52,4,6,2,2,3,0,0,0,2
52,4,3,1,4,2,0,0,0,1
52,4,7,2,1,2,1,1,0,1
52,5,4,1,2,2,0,0,1,1
52,5,10,2,4,2,0,0,0,2
52,5,5,1,4,2,0,0,0,1
52,5,6,2,2,3,0,0,0,2
52,5,3,1,4,2,0,0,0,1
52,5,7,2,1,1,0,0,0,1
52,6,4,1,3,2,0,0,0,1
52,6,10,2,4,2,0,0,0,2
52,6,5,1,3,2,0,0,0,1
52,6,6,2,1,3,0,0,1,2
52,6,3,1,2,2,0,0,0,1
52,6,7,2,1,2,1,1,1,1
52,7,4,1,5,2,0,0,0,2
52,7,10,2,5,2,0,0,0,2
52,7,5,1,5,2,0,0,0,2
52,7,6,2,4,2,0,0,0,2
52,7,3,1,5,2,0,0,0,2
52,7,7,2,4,2,0,0,0,2
52,8,4,1,5,2,0,0,0,2
52,8,10,2,5,2,0,0,0,2
52,8,5,1,5,2,0,0,0,2
52,8,6,2,3,2,0,0,0,2
52,8,3,1,5,2,0,0,0,2
52,8,7,2,4,2,0,0,0,2
52,9,4,1,4,2,0,0,0,2
52,9,10,2,5,2,0,0,0,2
52,9,5,1,5,2,0,0,0,2
52,9,6,2,3,2,0,0,0,2
52,9,3,1,4,2,0,0,0,1
52,9,7,2,4,2,0,0,0,2
52,10,4,1,4,2,0,0,0,2
52,10,10,2,5,2,0,0,0,2
52,10,5,1,3,2,0,0,1,1
52,10,6,2,2,2,0,0,0,2
52,10,3,1,3,2,0,0,0,1
52,10,7,2,3,2,0,1,0,2
52,11,4,1,5,2,0,0,0,2
52,11,10,2,5,2,0,0,0,2
52,11,5,1,3,2,0,0,1,2
52,11,6,2,2,2,0,0,1,2
52,11,3,1,5,2,0,0,0,1
52,11,7,2,4,2,0,0,0,2
52,12,4,1,5,2,0,0,0,2
52,12,10,2,5,2,0,0,0,2
52,12,5,1,5,2,0,0,0,2
52,12,6,2,4,2,0,0,0,2
52,12,3,1,5,2,0,0,0,2
52,12,7,2,3,2,0,0,0,2
52,13,4,1,2,2,0,0,1,1
52,13,10,2,4,2,0,0,0,2
52,13,5,1,4,2,0,0,0,1
52,13,6,2,2,2,0,0,1,2
52,13,3,1,4,2,0,0,0,2
52,13,7,2,2,2,0,0,0,2
52,14,4,1,3,2,0,0,0,1
52,14,10,2,4,2,0,0,0,2
52,14,5,1,5,2,0,0,0,2
52,14,6,2,2,2,0,0,0,2
52,14,3,1,2,2,0,0,0,1
52,14,7,2,3,2,0,0,0,2
